LES	B-GN
REVOLTES	I-GN
DE	O
LA	O
""""	B-GN
BOUNTY	I-GN
""""	O
Jules	B-GN
Verne	I-GN
L'	B-GN
ABANDON	I-GN
----------------	B-GN
"		"	O
  	O
Pas	O
le	B-GN
moindre	I-GN
souffle	I-GN
,	O
pas	B-GN
une	I-GN
ride	I-GN
à	O
la	B-GN
surface	I-GN
de	O
la	O
mer	O
,	O
pas	B-GN
un	I-GN
nuage	I-GN
au	O
ciel	B-GN
.	O
Les	B-GN
splendides	I-GN
constellations	B-GN
de	O
l'	B-GN
hémisphère	I-GN
austral	I-GN
se	O
dessinent	O
avec	O
une	O
incomparable	O
pureté	O
.	O
Les	B-GN
voiles	I-GN
de	O
la	B-GN
Bounty	I-GN
 	O
pendent	O
le	B-GN
long	I-GN
des	O
mâts	B-GN
,	O
le	B-GN
bâtiment	I-GN
est	O
immobile	O
,	O
et	O
la	B-GN
lumière	I-GN
de	O
la	B-GN
lune	I-GN
,	O
pâlissant	O
devant	O
l'	B-GN
aurore	I-GN
qui	B-GN
se	O
lève	O
,	O
éclaire	O
l'	B-GN
espace	I-GN
d'	O
une	B-GN
lueur	I-GN
indefinissable	I-GN
.	O
  	O
La	B-GN
 	I-GN
Bounty	I-GN
,	O
navire	O
de	O
deux	B-GN
cent	I-GN
quinze	I-GN
tonneaux	I-GN
monté	O
par	O
quarante	O
-	O
six	B-GN
hommes	I-GN
,	O
avait	O
quitté	O
Spithead	O
,	O
le	O
23	O
décembre	B-GN
l787	B-GN
,	O
sous	O
le	B-GN
commandement	I-GN
du	O
capitaine	B-GN
Bligh	I-GN
,	O
marin	O
expérimenté	O
mais	O
un	O
peu	O
rude	O
,	O
qui	B-GN
avait	O
accompagné	O
le	B-GN
capitaine	I-GN
Cook	B-GN
dans	O
son	B-GN
dernier	I-GN
voyage	I-GN
d'	O
exploration	B-GN
[	O
Nous	B-GN
croyons	O
bon	O
de	O
prévenir	O
nos	B-GN
lecteurs	I-GN
que	O
ce	B-GN
récit	I-GN
n'	O
est	O
point	O
une	B-GN
fiction	I-GN
.	O
Tous	B-GN
les	I-GN
détails	I-GN
en	O
sont	O
pris	O
aux	O
annales	O
maritimes	O
de	O
la	B-GN
Grande-Bretagne	I-GN
.	O
La	B-GN
réalité	I-GN
fournit	O
quelquefois	O
des	B-GN
faits	I-GN
si	B-GN
romanesques	I-GN
que	B-GN
l'	I-GN
imagination	I-GN
elle-même	O
ne	O
pourrait	O
rien	B-GN
y	I-GN
ajouter.].	I-GN
  	O
La	B-GN
Bounty	I-GN
avait	O
pour	O
mission	O
spéciale	O
de	O
transporter	O
aux	O
Antilles	B-GN
l'	B-GN
arbre	I-GN
à	O
pain	B-GN
,	O
qui	B-GN
pousse	O
à	O
profusion	B-GN
dans	O
l'	B-GN
archipel	I-GN
de	O
Taïti	B-GN
.	O
Après	O
une	B-GN
relâche	I-GN
de	O
six	B-GN
mois	I-GN
dans	O
la	B-GN
baie	I-GN
de	O
Matavaï	B-GN
,	B-GN
William	I-GN
Bligh	I-GN
,	I-GN
ayant	I-GN
chargé	I-GN
un	I-GN
millier	I-GN
de	I-GN
ces	I-GN
arbres	I-GN
,	I-GN
avait	O
pris	O
la	B-GN
route	I-GN
des	O
Indes	B-GN
occidentales	I-GN
,	O
après	O
un	O
assez	O
court	O
séjour	O
aux	O
îles	O
des	O
Amis	B-GN
.	O
   	O
Maintes	B-GN
fois	I-GN
,	O
le	B-GN
caractère	I-GN
soupçonneux	I-GN
et	O
emporté	O
du	O
capitaine	B-GN
avait	O
amené	O
des	O
scènes	B-GN
désagréables	I-GN
entre	O
quelques-uns	B-GN
de	O
ses	B-GN
officiers	I-GN
et	O
lui	B-GN
.	O
Cependant	O
,	O
la	O
tranquillité	O
qui	B-GN
régnait	O
à	O
bord	B-GN
de	O
la	B-GN
Bounty	I-GN
,	O
au	O
lever	O
du	O
soleil	B-GN
,	O
le	O
28	O
avril	B-GN
1789	O
,	O
ne	O
faisait	O
rien	B-GN
présager	I-GN
des	B-GN
graves	I-GN
événements	I-GN
qui	B-GN
allaient	O
se	O
produire	O
.	O
   	O
Tout	B-GN
semblait	I-GN
calme	I-GN
,	O
en	O
effet	B-GN
,	O
lorsque	O
tout	O
à	O
coup	B-GN
une	O
animation	O
insolite	O
se	O
propage	O
sur	O
le	B-GN
bâtiment	I-GN
.	O
Quelques	B-GN
matelots	I-GN
s'	O
accostent	O
,	O
échangent	O
deux	O
ou	O
trois	B-GN
paroles	I-GN
à	O
voix	B-GN
basse	I-GN
,	O
puis	O
disparaissent	O
à	O
petits	O
pas	O
.	O
   	O
Est	B-GN
-ce	O
le	B-GN
quart	I-GN
du	O
matin	B-GN
qu'	B-GN
on	B-GN
relève	O
?	O
Quelque	B-GN
accident	I-GN
inopiné	O
s'	O
est	O
-il	O
produit	O
à	O
bord	B-GN
?	O
""""	O
Pas	O
de	O
bruit	B-GN
surtout	O
,	B-GN
mes	I-GN
amis	I-GN
,	O
dit	O
Fletcher	O
Christian	O
,	O
le	B-GN
second	I-GN
de	O
la	B-GN
Bounty	I-GN
.	O
Bob	O
,	O
armez	O
votre	B-GN
pistolet	I-GN
,	O
mais	O
ne	O
tirez	O
pas	O
sans	O
mon	B-GN
ordre	I-GN
.	O
Vous	B-GN
,	O
Churchill	B-GN
,	O
prenez	O
votre	B-GN
hache	I-GN
et	O
faites	O
sauter	O
la	B-GN
serrure	I-GN
de	O
la	B-GN
cabine	I-GN
du	O
capitaine	B-GN
.	O
Une	B-GN
dernière	I-GN
recommandation	I-GN
 	O
il	O
me	O
le	O
faut	O
vivant	O
!	O
""""	O
   	O
Suivi	O
d'	O
une	B-GN
dizaine	I-GN
de	O
matelots	O
armés	O
de	O
sabres	B-GN
,	B-GN
de	I-GN
coutelas	I-GN
et	O
de	B-GN
pistolets	I-GN
,	O
Christian	B-GN
se	O
glissa	O
dans	O
l'	B-GN
entrepont	I-GN
;	O
puis	O
,	O
après	O
avoir	O
placé	O
deux	B-GN
sentinelles	I-GN
devant	O
la	B-GN
cabine	I-GN
de	O
Stewart	B-GN
et	O
de	B-GN
Peter	I-GN
Heywood	O
,	O
le	B-GN
maître	I-GN
d'	O
équipage	B-GN
et	O
le	B-GN
midshipman	I-GN
de	O
la	B-GN
Bounty	I-GN
,	O
il	O
s'	O
arrêta	O
devant	O
la	B-GN
porte	I-GN
du	O
capitaine	B-GN
.	O
  	O
""""	B-GN
Allons	I-GN
,	O
garçons	O
,	O
dit	O
-il	O
,	O
un	B-GN
bon	I-GN
coup	I-GN
d'	O
épaule	B-GN
!	O
""""	O
  	O
La	O
porte	O
céda	O
sous	O
une	B-GN
pression	I-GN
vigoureuse	I-GN
,	O
et	O
les	B-GN
matelots	I-GN
se	O
précipitèrent	O
dans	O
la	B-GN
cabine	I-GN
.	O
  	O
Surpris	B-GN
d'	O
abord	B-GN
par	I-GN
l'	I-GN
obscurité	I-GN
,	O
et	O
réfléchissant	O
peut-être	O
à	O
la	B-GN
gravité	I-GN
de	O
leurs	B-GN
actes	I-GN
,	O
ils	B-GN
eurent	O
un	B-GN
moment	I-GN
d'	O
hésitation	B-GN
.	O
  	O
""""	B-GN
Holà	I-GN
!	O
qu'	B-GN
y	O
a	O
-t	O
-il	O
?	O
Qui	B-GN
donc	O
ose	O
se	B-GN
permettre	O
?	O
...	O
s'	O
écria	O
le	B-GN
capitaine	I-GN
en	O
sautant	O
à	O
bas	B-GN
de	O
son	B-GN
cadre	I-GN
.	O
  	O
--	B-GN
Silence	I-GN
,	B-GN
Bligh	I-GN
!	O
répondit	B-GN
Churchill	B-GN
.	O
Silence	B-GN
,	O
et	O
n'	O
essaye	O
pas	O
de	O
résister	O
,	O
ou	O
je	B-GN
te	O
bâillonne	O
!	O
  	O
--	O
Inutile	O
de	O
t'	O
habiller	O
,	O
ajouta	O
Bob	B-GN
.	O
Tu	B-GN
feras	I-GN
toujours	O
assez	O
bonne	O
figure	O
,	O
lorsque	B-GN
tu	I-GN
seras	I-GN
pendu	O
à	O
la	B-GN
vergue	I-GN
d'	O
artimon	B-GN
!	O
  	O
--	O
Attachez	B-GN
-	B-GN
lui	B-GN
les	O
mains	O
derrière	O
le	B-GN
dos	I-GN
,	B-GN
ChurchilI	I-GN
,	O
dit	O
Christian	B-GN
,	O
et	O
hissez	B-GN
-	B-GN
le	B-GN
sur	I-GN
le	I-GN
pont	I-GN
!	O
  	O
--Le	O
plus	O
terrible	O
des	O
capitaines	O
n'	O
est	O
pas	O
bien	O
redoutable	O
,	O
quand	O
on	B-GN
sait	O
s'	O
y	O
prendre	O
,	O
""""	O
fit	O
observer	O
John	B-GN
Smith	I-GN
,	O
le	B-GN
philosophe	I-GN
de	O
la	B-GN
bande	I-GN
.	O
  	O
Puis	B-GN
le	I-GN
cortège	I-GN
,	O
sans	O
s'	O
inquiéter	O
de	O
réveiller	O
ou	O
non	B-GN
les	I-GN
matelots	I-GN
du	O
dernier	B-GN
quart	I-GN
,	O
encore	O
endormis	O
,	O
remonta	O
l'	B-GN
escalier	I-GN
et	O
reparut	O
sur	O
le	B-GN
pont	I-GN
.	O
  	O
C'	B-GN
était	O
une	O
révolte	O
en	O
règle	B-GN
.	O
Seul	O
de	O
tous	B-GN
les	I-GN
officiers	I-GN
du	O
bord	B-GN
,	B-GN
Young	I-GN
,	O
un	B-GN
des	O
midshipmen	B-GN
,	O
avait	O
fait	O
cause	B-GN
commune	I-GN
avec	O
les	B-GN
révoltés	I-GN
.	O
  	O
Quant	B-GN
aux	I-GN
hommes	I-GN
de	O
l'	B-GN
équipage	I-GN
,	O
les	B-GN
hésitants	I-GN
avaient	O
dû	O
céder	O
pour	O
l'	B-GN
instant	I-GN
,	O
tandis	O
que	O
les	O
autres	O
,	O
sans	O
armes	B-GN
,	O
sans	O
chef	B-GN
,	O
restaient	B-GN
spectateurs	I-GN
du	O
drame	B-GN
qui	B-GN
allait	O
s'	O
accomplir	O
sous	O
leurs	B-GN
yeux	I-GN
.	O
  	O
Tous	O
étaient	O
sur	O
le	B-GN
pont	I-GN
,	O
rangés	O
en	O
silence	B-GN
;	O
ils	B-GN
observaient	O
la	B-GN
contenance	I-GN
de	O
leur	B-GN
capitaine	I-GN
,	O
qui	B-GN
,	O
demi-nu	O
,	O
s'	O
avançait	O
la	B-GN
tête	I-GN
haute	O
au	O
milieu	B-GN
de	O
ces	B-GN
hommes	I-GN
habitués	O
à	O
trembler	O
devant	O
lui	B-GN
.	O
  	O
""""	B-GN
Bligh	I-GN
,	O
dit	O
Christian	B-GN
,	O
d'	O
une	B-GN
voix	I-GN
rude	I-GN
,	O
vous	B-GN
êtes	O
démonté	O
de	O
votre	B-GN
commandement	I-GN
.	O
  	O
--	O
Je	B-GN
ne	O
vous	O
reconnais	O
pas	O
le	B-GN
droit	I-GN
...	O
,	O
répondit	O
le	B-GN
capitaine	I-GN
.	O
  	O
--	O
Ne	O
perdons	O
pas	O
de	B-GN
temps	I-GN
en	O
protestations	B-GN
inutiles	I-GN
.	O
s'	O
écria	O
Christian	O
,	O
qui	B-GN
interrompit	O
Bligh	O
,	O
   	O
Je	B-GN
suis	O
,	O
en	O
ce	B-GN
moment	I-GN
,	O
l'	O
interprète	O
de	O
tout	B-GN
l'	I-GN
équipage	I-GN
de	O
la	B-GN
Bounty	I-GN
.	O
Nous	B-GN
n'	O
avions	O
pas	O
encore	O
quitté	O
l'	B-GN
Angleterre	I-GN
que	B-GN
nous	B-GN
avions	O
déjà	O
à	O
nous	O
plaindre	O
de	O
vos	B-GN
soupçons	I-GN
injurieux	I-GN
,	O
de	O
vos	B-GN
procédés	I-GN
brutaux	I-GN
.	O
Lorsque	O
je	B-GN
dis	O
nous	B-GN
,	O
j'	B-GN
entends	O
les	B-GN
officiers	I-GN
aussi	O
bien	O
que	O
les	B-GN
matelots	I-GN
.	O
Non	O
seulement	O
nous	B-GN
n'	O
avons	O
jamais	O
pu	O
obtenir	O
la	B-GN
satisfaction	I-GN
qui	B-GN
nous	O
était	O
due	O
,	O
mais	O
vous	B-GN
avez	O
toujours	O
rejeté	O
nos	B-GN
plaintes	I-GN
avec	O
mépris	B-GN
!	O
Sommes	B-GN
-nous	B-GN
donc	O
des	B-GN
chiens	I-GN
,	O
pour	O
être	O
injuriés	O
à	O
tout	B-GN
moment	I-GN
?	O
Canailles	B-GN
,	B-GN
brigands	I-GN
,	O
menteurs	B-GN
,	B-GN
voleurs	I-GN
!	O
vous	B-GN
n'	O
aviez	O
pas	O
d'	B-GN
expression	I-GN
assez	I-GN
forte	I-GN
,	O
d'	O
injure	O
assez	O
grossière	O
pour	O
nous	B-GN
!	O
En	O
vérité	B-GN
,	O
il	B-GN
faudrait	O
ne	O
pas	O
être	O
un	O
homme	O
pour	O
supporter	O
pareille	O
existence	B-GN
!	O
Et	B-GN
moi	I-GN
,	I-GN
moi	I-GN
votre	B-GN
compatriote	I-GN
,	B-GN
moi	I-GN
qui	B-GN
connais	O
votre	B-GN
famille	I-GN
,	O
moi	B-GN
qui	B-GN
ai	O
déjà	O
fait	O
deux	B-GN
voyages	I-GN
sous	O
vos	B-GN
ordres	I-GN
,	O
m'	O
avez	O
-vous	B-GN
épargné	O
?	O
Ne	B-GN
m'	I-GN
avez	I-GN
-vous	I-GN
pas	I-GN
accusé	I-GN
,	I-GN
hier	I-GN
encore	I-GN
,	I-GN
de	I-GN
vous	I-GN
avoir	I-GN
volé	I-GN
quelques	B-GN
misérables	I-GN
fruits	I-GN
?	O
Et	B-GN
les	I-GN
hommes	I-GN
!	O
Pour	O
un	B-GN
rien	I-GN
,	O
aux	O
fers	O
!	O
Pour	O
une	B-GN
bagatelle	I-GN
,	B-GN
vingt-quatre	I-GN
coups	I-GN
de	O
corde	B-GN
!	O
Eh	O
bien	O
,	O
tout	O
se	O
paye	O
en	O
ce	B-GN
monde	I-GN
!	O
Vous	B-GN
avez	O
été	O
trop	O
libéral	O
avec	O
nous	B-GN
,	B-GN
Bligh	I-GN
!	O
A	O
notre	B-GN
tour	I-GN
!	O
Vos	B-GN
injures	I-GN
,	O
vos	O
injustices	O
,	O
vos	B-GN
accusations	I-GN
insensées	I-GN
,	B-GN
les	I-GN
tortures	I-GN
morales	I-GN
et	O
physiques	O
dont	O
vous	B-GN
avez	O
accablé	O
votre	B-GN
équipage	I-GN
depuis	O
un	B-GN
an	I-GN
et	I-GN
demi	I-GN
,	O
vous	B-GN
allez	O
les	B-GN
expier	I-GN
durement	B-GN
!	O
Capitaine	B-GN
,	O
vous	B-GN
avez	O
été	O
jugé	O
par	O
ceux	B-GN
que	B-GN
vous	B-GN
avez	O
offensés	O
,	O
et	O
vous	B-GN
êtes	O
condamné	O
.	O
--	B-GN
Est	I-GN
-ce	I-GN
bien	I-GN
cela	I-GN
,	O
camarades	B-GN
?	O
  	O
--	B-GN
Oui	I-GN
,	O
oui	B-GN
,	O
à	O
mort	B-GN
!	O
s'	O
écrièrent	O
la	B-GN
plupart	I-GN
des	O
matelots	B-GN
,	O
en	O
menaçant	O
leur	B-GN
capitaine	I-GN
.	O
  	O
--	B-GN
Capitaine	I-GN
Bligh	I-GN
,	I-GN
reprit	I-GN
Christian	I-GN
,	I-GN
quelques	I-GN
uns	I-GN
avaient	I-GN
parlé	I-GN
de	I-GN
vous	I-GN
hisser	I-GN
au	I-GN
bout	I-GN
d'	I-GN
une	I-GN
corde	I-GN
entre	I-GN
le	I-GN
ciel	I-GN
et	I-GN
l'	I-GN
eau	I-GN
.	I-GN
D'	B-GN
autres	I-GN
proposaient	I-GN
de	O
vous	O
déchirer	O
les	B-GN
épaules	I-GN
avec	O
le	B-GN
chat	I-GN
à	O
neuf	O
queues	O
,	O
jusqu'	O
à	B-GN
ce	I-GN
que	O
mort	B-GN
s'	O
ensuivît	O
.	O
Ils	B-GN
manquaient	O
d'	O
imagination	B-GN
.	O
J'	B-GN
ai	O
trouvé	O
mieux	O
que	O
cela	O
.	O
D'	O
ailleurs	O
,	O
vous	B-GN
n'	O
êtes	O
pas	O
seul	O
coupable	O
ici	O
.	O
Ceux	B-GN
qui	B-GN
ont	O
toujours	O
fidèlement	O
exécuté	O
vos	B-GN
ordres	I-GN
,	O
si	O
cruels	O
qu'	B-GN
ils	B-GN
fussent	O
,	O
seraient	O
au	O
désespoir	O
de	O
passer	O
sous	O
mon	B-GN
commandement	I-GN
.	O
Ils	B-GN
ont	O
mérité	O
de	O
vous	O
accompagner	O
là	O
où	O
le	O
vent	O
vous	B-GN
poussera	O
.	O
   	O
--Qu'	B-GN
on	B-GN
amène	O
la	B-GN
chaloupe	I-GN
!	O
""""	O
  	O
Un	B-GN
murmure	I-GN
désapprobateur	I-GN
accueillit	O
ces	B-GN
dernières	I-GN
paroles	I-GN
de	O
Christian	B-GN
,	O
qui	B-GN
ne	O
parut	O
pas	O
s'	O
en	O
inquiéter	O
.	O
Le	B-GN
capitaine	I-GN
Bligh	I-GN
,	O
que	O
ces	B-GN
menaces	I-GN
ne	O
parvenaient	O
pas	O
à	O
troubler	O
,	O
profita	O
d'	O
un	B-GN
instant	I-GN
de	O
silence	B-GN
pour	O
prendre	O
la	B-GN
parole	I-GN
.	O
  	O
""""	B-GN
Officiers	I-GN
et	O
matelots	B-GN
,	O
dit	O
-il	O
d'	O
une	B-GN
voix	I-GN
ferme	I-GN
,	O
en	O
ma	B-GN
qualité	I-GN
d'	O
officier	B-GN
de	O
la	B-GN
marine	I-GN
royale	I-GN
,	O
commandant	O
la	B-GN
Bounty	I-GN
,	O
je	B-GN
proteste	O
contre	O
le	B-GN
traitement	I-GN
que	B-GN
vous	B-GN
voulez	O
me	B-GN
faire	O
subir	O
.	O
Si	O
vous	B-GN
avez	O
à	O
vous	O
plaindre	O
de	O
la	B-GN
façon	I-GN
dont	O
j'	B-GN
ai	O
exercé	O
mon	B-GN
commandement	I-GN
,	O
vous	B-GN
pouvez	O
me	O
faire	O
juger	O
par	O
une	B-GN
cour	I-GN
martiale	I-GN
.	O
Mais	O
vous	B-GN
n'	O
avez	O
pas	O
réfléchi	O
,	O
sans	O
doute	B-GN
,	O
à	O
la	B-GN
gravité	I-GN
de	O
l'	B-GN
acte	I-GN
que	O
vous	B-GN
allez	O
commettre	O
.	O
Porter	O
la	B-GN
main	I-GN
sur	O
votre	B-GN
capitaine	I-GN
,	O
c'	O
est	O
vous	O
mettre	O
en	O
révolte	O
contre	O
les	B-GN
lois	I-GN
existantes	I-GN
,	O
c'	B-GN
est	O
rendre	O
pour	O
vous	B-GN
tout	I-GN
retour	I-GN
impossible	I-GN
dans	O
votre	B-GN
patrie	I-GN
,	O
c'	B-GN
est	O
vouloir	O
être	O
traités	O
comme	O
des	B-GN
forbans	I-GN
!	O
Tôt	O
ou	O
tard	O
,	O
c'	B-GN
est	O
la	O
mort	O
ignominieuse	O
,	B-GN
la	I-GN
mort	I-GN
des	O
traîtres	B-GN
et	O
des	B-GN
rebelles	I-GN
!	O
Au	O
nom	B-GN
de	O
l'	B-GN
honneur	I-GN
et	O
de	B-GN
l'	I-GN
obéissance	I-GN
que	O
vous	B-GN
m'	B-GN
avez	O
jurés	O
,	O
je	B-GN
vous	O
somme	O
de	O
rentrer	O
dans	O
le	O
devoir	O
!	O
  	O
--	O
Nous	B-GN
savons	O
parfaitement	O
à	O
quoi	O
nous	B-GN
nous	B-GN
exposons	O
,	O
répondit	O
Churchill	B-GN
  	O
--	O
Assez	O
!	O
Assez	O
!	O
cria	O
l'	B-GN
équipage	I-GN
,	O
prêt	O
à	O
des	B-GN
voies	I-GN
de	O
fait	B-GN
.	O
  	O
--	O
Eh	B-GN
bien	I-GN
,	O
dit	O
Bligh	O
,	O
s'	O
il	O
vous	O
faut	O
une	B-GN
victime	I-GN
,	O
que	O
ce	B-GN
soit	O
moi	O
,	O
mais	O
moi	B-GN
seul	O
!	O
Ceux	B-GN
de	O
mes	B-GN
compagnons	I-GN
que	B-GN
vous	B-GN
condamnez	O
comme	O
moi	B-GN
,	O
n'	O
ont	O
fait	O
qu'	O
exécuter	O
mes	B-GN
ordres	I-GN
!	O
""""	O
  	O
La	B-GN
voix	I-GN
du	O
capitaine	B-GN
fut	O
alors	O
couverte	O
par	O
un	B-GN
concert	I-GN
de	O
vociférations	B-GN
,	O
et	O
il	O
dut	O
renoncer	O
à	O
toucher	O
ces	B-GN
coeurs	I-GN
devenus	I-GN
impitoyables	I-GN
.	O
  	O
Pendant	O
ce	B-GN
temps	I-GN
,	O
les	B-GN
dispositions	I-GN
avaient	O
été	O
prises	O
pour	O
que	O
les	O
ordres	O
de	O
Christian	B-GN
fussent	O
exécutés	O
.	O
  	O
Cependant	O
,	O
un	O
assez	O
vif	O
débat	O
s'	O
était	O
élevé	O
entre	O
le	B-GN
second	I-GN
et	O
plusieurs	O
des	O
révoltés	B-GN
qui	B-GN
voulaient	O
abandonner	O
sur	O
les	B-GN
flots	I-GN
le	B-GN
capitaine	I-GN
Bligh	I-GN
et	I-GN
ses	I-GN
compagnons	I-GN
sans	O
leur	O
donner	O
une	B-GN
arme	I-GN
,	O
sans	O
leur	O
laisser	O
une	B-GN
once	I-GN
de	O
pain	B-GN
.	O
  	O
  	O
Quelques	O
-	B-GN
uns	B-GN
--et	O
c'	B-GN
était	O
l'	O
avis	O
de	O
Churchill,--	B-GN
trouvaient	O
que	B-GN
le	I-GN
nombre	I-GN
de	O
ceux	B-GN
qui	B-GN
devaient	O
quitter	O
le	B-GN
navire	I-GN
n'	O
était	O
pas	O
assez	O
considérable	O
.	O
Il	O
fallait	O
se	B-GN
défaire	O
,	O
disait	O
-il	O
,	O
de	O
tous	B-GN
les	I-GN
hommes	I-GN
qui	O
,	O
n'	O
ayant	O
pas	O
trempé	O
directement	O
dans	O
le	B-GN
complot	I-GN
,	O
n'	O
étaient	O
pas	O
sûrs	O
.	O
On	B-GN
ne	O
pouvait	O
compter	O
sur	O
ceux	B-GN
qui	B-GN
se	O
contentaient	O
d'	O
accepter	O
les	B-GN
faits	I-GN
accomplis	O
.	O
Quant	B-GN
à	I-GN
lui	I-GN
,	O
son	B-GN
dos	I-GN
lui	I-GN
faisait	O
encore	O
mal	O
des	O
coups	B-GN
de	O
fouet	B-GN
qu'	B-GN
il	B-GN
avait	O
reçus	O
pour	O
avoir	O
déserté	O
à	O
Taïti	B-GN
.	O
Le	O
meilleur	O
,	O
le	O
plus	O
rapide	O
moyen	O
de	O
le	B-GN
guérir	O
,	O
ce	B-GN
serait	O
de	O
lui	O
livrer	O
d'	O
abord	B-GN
le	I-GN
commandant	I-GN
!	O
...	O
Il	B-GN
saurait	O
bien	O
se	O
venger	O
,	O
et	O
de	O
sa	O
propre	O
main	O
!	O
  	O
""""	B-GN
Hayward	I-GN
!	O
Hallett	B-GN
!	O
cria	O
Christian	O
,	O
en	O
s'	O
adressant	O
à	O
deux	B-GN
des	O
officiers	B-GN
,	O
sans	O
tenir	O
compte	B-GN
des	O
observations	B-GN
de	O
Churchili	B-GN
,	O
descendez	O
dans	O
la	B-GN
chaloupe	I-GN
.	O
   	O
--	O
Que	O
vous	B-GN
ai	O
-je	B-GN
fait	O
,	B-GN
Christian	I-GN
,	O
pour	O
que	O
vous	B-GN
me	O
traitiez	O
ainsi	O
?	O
dit	O
Hayward	B-GN
.	O
C'	B-GN
est	O
à	O
la	O
mort	O
que	O
vous	B-GN
m'	O
envoyez	O
!	O
  	O
--	O
Les	B-GN
récriminations	I-GN
sont	O
inutiles	O
!	O
Obéissez	B-GN
,	O
ou	O
sinon	O
!	O
...	O
Fryer	O
,	O
embarquez	O
aussi	O
!	O
""""	O
"	"	O
Mais	B-GN
ces	I-GN
officiers	I-GN
,	O
au	O
lieu	B-GN
de	O
se	O
diriger	O
vers	O
la	B-GN
chaloupe	I-GN
,	O
se	O
rapprochèrent	O
du	O
capitaine	B-GN
Bligh	I-GN
,	I-GN
et	I-GN
Fryer	I-GN
,	I-GN
qui	I-GN
semblait	I-GN
le	I-GN
plus	I-GN
déterminé	I-GN
,	O
se	O
pencha	O
vers	O
lui	B-GN
en	O
disant	O
:	O
  	O
""""	B-GN
Commandant	I-GN
,	O
voulez	O
-vous	B-GN
essayer	O
de	O
reprendre	O
le	B-GN
bâtiment	I-GN
?	O
Nous	B-GN
n'	O
avons	O
pas	O
d'	B-GN
armes	I-GN
,	O
il	O
est	O
vrai	O
;	O
mais	O
ces	B-GN
mutins	I-GN
,	B-GN
surpris	I-GN
,	O
ne	O
pourront	O
résister	O
.	O
Si	O
quelques-uns	B-GN
d'	O
entre	O
nous	B-GN
sont	O
tués	O
,	O
qu'	O
importe	O
!	O
On	B-GN
peut	O
tenter	O
la	B-GN
partie	I-GN
!	O
Que	B-GN
vous	I-GN
en	I-GN
semble	I-GN
?	O
""""	O
  	O
Déjà	O
les	B-GN
officiers	I-GN
prenaient	O
leurs	B-GN
dispositions	I-GN
pour	O
se	O
jeter	O
sur	O
les	B-GN
révoltés	I-GN
,	O
occupés	O
à	O
dépasser	O
la	B-GN
chaloupe	I-GN
de	O
ses	B-GN
porte-manteaux	I-GN
,	O
lorsque	B-GN
Churchill	I-GN
,	O
à	O
qui	B-GN
cet	O
entretien	O
,	O
si	O
rapide	O
qu'	O
il	B-GN
fût	O
,	O
n'	O
avait	O
pas	O
échappé	O
,	O
les	O
entoura	O
avec	O
quelques	B-GN
hommes	I-GN
bien	I-GN
armés	I-GN
,	I-GN
et	I-GN
les	I-GN
fit	I-GN
embarquer	I-GN
de	I-GN
force	I-GN
.	O
  	O
""""	B-GN
Millward	I-GN
,	B-GN
Muspratt	I-GN
,	B-GN
Birket	I-GN
,	O
et	O
vous	B-GN
autres	O
,	O
dit	O
Christian	B-GN
en	O
s'	O
adressant	O
à	O
quelques-uns	B-GN
des	O
matelots	B-GN
qui	B-GN
n'	O
avalent	O
point	O
pris	O
part	B-GN
à	O
la	B-GN
révolte	I-GN
,	O
descendez	O
dans	O
l'	B-GN
entrepont	I-GN
,	O
et	O
choisissez	O
ce	B-GN
que	B-GN
vous	B-GN
avez	O
de	O
plus	O
précieux	O
!	O
Vous	B-GN
accompagnez	O
le	B-GN
capitaine	I-GN
Bligh	I-GN
.	O
Toi	B-GN
,	B-GN
Morrison	I-GN
,	O
surveille	O
-moi	O
ces	B-GN
gaillards	I-GN
-là	O
!	O
Purcell	O
,	O
prenez	O
votre	B-GN
coffre	I-GN
de	O
charpentier	O
,	O
je	B-GN
vous	O
permets	O
de	O
l'	B-GN
emporter	I-GN
.	O
""""	O
  	O
Deux	B-GN
mâts	I-GN
avec	O
leurs	B-GN
voiles	I-GN
,	O
quelques	O
clous	O
,	O
une	O
scie	O
,	O
une	B-GN
demi-pièce	I-GN
de	O
toile	O
à	O
voile	B-GN
,	O
quatre	O
petites	O
pièces	O
contenant	O
cent	O
vingt-cinq	O
litres	O
d'	O
eau	B-GN
,	O
cent	O
cinquante	O
livres	O
de	O
biscuit	B-GN
,	O
trente-deux	B-GN
livres	I-GN
de	O
porc	B-GN
salé	O
,	O
six	B-GN
bouteilles	I-GN
de	O
vin	B-GN
,	B-GN
six	I-GN
bouteilles	I-GN
de	O
rhum	B-GN
,	O
la	B-GN
cave	I-GN
à	O
liqueur	B-GN
du	O
capitaine	B-GN
,	O
voilà	O
tout	B-GN
ce	I-GN
que	B-GN
les	O
abandonnés	O
eurent	B-GN
permission	I-GN
d'	O
emporter	O
.	O
On	B-GN
leur	B-GN
jeta	I-GN
,	O
en	O
outre	O
,	O
deux	O
ou	O
trois	O
vieux	O
sabres	O
,	O
mais	O
on	B-GN
leur	B-GN
refusa	O
toute	B-GN
espèce	I-GN
d'	O
armes	B-GN
à	O
feu	B-GN
.	O
  	O
""""	O
Où	B-GN
sont	I-GN
donc	I-GN
Heywood	I-GN
et	O
Stewart	B-GN
?	O
dit	O
Bligh	B-GN
,	O
quand	O
il	B-GN
fut	O
dans	O
la	B-GN
chaloupe	I-GN
.	O
Eux	B-GN
aussi	O
m'	B-GN
ont	O
-ils	B-GN
trahi	O
?	O
""""	O
  	O
Ils	B-GN
ne	O
l'	B-GN
avaient	O
pas	O
trahi	O
,	O
mais	O
Christian	B-GN
avait	O
résolu	O
de	O
les	B-GN
garder	O
à	O
bord	B-GN
.	O
  	O
Le	B-GN
capitaine	I-GN
eut	O
alors	O
un	B-GN
moment	I-GN
de	O
découragement	B-GN
et	O
de	B-GN
faiblesse	I-GN
bien	O
pardonnable	O
,	O
qui	B-GN
ne	O
dura	O
pas	O
.	O
  	O
""""	B-GN
Christian	I-GN
,	O
dit	O
-il	O
,	O
je	B-GN
vous	O
donne	O
ma	B-GN
parole	I-GN
d'	O
honneur	B-GN
d'	O
oublier	O
tout	B-GN
ce	I-GN
qui	B-GN
vient	O
de	O
se	O
passer	O
,	O
si	O
vous	B-GN
renoncez	O
à	O
votre	O
abominable	O
projet	O
!	O
Je	B-GN
vous	O
en	B-GN
supplie	I-GN
,	O
pensez	O
à	O
ma	B-GN
femme	I-GN
et	O
à	B-GN
ma	I-GN
famille	I-GN
!	O
Moi	B-GN
mort	O
,	O
que	O
deviendront	O
tous	O
les	O
miens	O
!	O
  	O
--	O
Si	O
vous	B-GN
aviez	O
eu	O
quelque	B-GN
honneur	I-GN
,	O
répondit	O
Christian	O
,	O
les	B-GN
choses	I-GN
n'	O
en	O
seraient	O
point	O
arrivées	O
à	O
ce	B-GN
point	I-GN
.	O
Si	O
vous	B-GN
-	O
même	O
aviez	O
pensé	O
un	O
peu	O
plus	O
souvent	O
à	O
votre	B-GN
femme	I-GN
,	O
à	O
votre	B-GN
famille	I-GN
,	O
aux	O
femmes	B-GN
et	O
aux	B-GN
familles	I-GN
des	O
autres	O
,	O
vous	B-GN
n'	O
auriez	O
pas	O
été	O
si	O
dur	O
,	O
si	O
injuste	O
envers	O
nous	B-GN
tous	O
!	O
""""	O
  	O
A	B-GN
son	I-GN
tour	I-GN
,	B-GN
le	I-GN
bosseman	I-GN
,	O
au	O
moment	B-GN
d'	O
embarquer	O
,	O
essaya	O
d'	O
attendrir	O
Christian	B-GN
.	O
Ce	B-GN
fut	O
en	O
vain	O
.	O
  	O
""""	O
Il	O
y	O
a	O
trop	O
longtemps	O
que	O
je	B-GN
souffre	O
,	O
répondit	O
ce	O
dernier	O
avec	O
amertume	B-GN
.	O
Vous	B-GN
ne	O
savez	O
pas	O
quelles	O
ont	O
été	O
mes	O
tortures	O
!	O
Non	O
!	O
cela	B-GN
ne	O
pouvait	O
durer	O
un	B-GN
jour	I-GN
de	O
plus	O
,	O
et	O
,	O
d'	O
ailleurs	O
,	O
vous	B-GN
n'	O
ignorez	O
pas	O
que	O
,	O
durant	O
tout	B-GN
le	I-GN
voyage	I-GN
,	B-GN
moi	I-GN
,	O
le	B-GN
second	I-GN
de	O
ce	B-GN
navire	I-GN
,	O
j'	B-GN
ai	O
été	O
traité	O
comme	O
un	B-GN
chien	I-GN
!	O
Cependant	O
,	O
en	O
me	O
séparant	O
du	O
capitaine	B-GN
Bligh	I-GN
,	O
que	O
je	B-GN
ne	O
reverrai	O
probablement	O
jamais	O
,	O
je	B-GN
veux	O
bien	O
,	O
par	O
pitié	B-GN
,	O
ne	B-GN
pas	I-GN
lui	I-GN
enlever	O
tout	O
espoir	O
de	O
salut	B-GN
.	O
 	O
--	O
Smith	B-GN
!	O
descendez	O
dans	O
la	B-GN
cabine	I-GN
du	O
capitaine	B-GN
,	O
et	O
reportez	B-GN
-	B-GN
lui	O
ses	B-GN
vêtements	I-GN
,	O
sa	B-GN
commission	I-GN
,	B-GN
son	I-GN
journal	I-GN
et	O
son	B-GN
portefeuille	I-GN
.	O
De	O
plus	O
,	O
qu'	O
on	B-GN
lui	O
remette	O
mes	B-GN
Tables	I-GN
nautiques	I-GN
et	O
mon	O
propre	O
sextant	O
.	O
Il	B-GN
aura	O
ainsi	B-GN
quelque	I-GN
chance	I-GN
de	O
pouvoir	O
sauver	O
ses	B-GN
compagnons	I-GN
et	O
se	O
tirer	O
d'	O
affaire	B-GN
lui-même	O
!	O
""""	O
  	O
Les	B-GN
ordres	I-GN
de	O
Christian	B-GN
furent	O
exécutés	O
,	O
non	B-GN
sans	I-GN
quelque	I-GN
protestation	I-GN
.	O
  	O
""""	O
Et	B-GN
maintenant	I-GN
,	I-GN
Morrison	I-GN
,	O
largue	B-GN
l'	B-GN
amarre	I-GN
,	O
cria	O
le	O
second	O
devenu	O
le	O
premier	O
,	O
et	O
à	B-GN
la	I-GN
grâce	I-GN
de	O
Dieu	B-GN
!	O
""""	O
  	O
Tandis	O
que	O
les	B-GN
révoltés	I-GN
saluaient	O
d'	O
acclamations	B-GN
ironiques	I-GN
le	B-GN
capitaine	I-GN
Bligh	I-GN
et	I-GN
ses	I-GN
malheureux	I-GN
compagnons	I-GN
,	I-GN
Christian	I-GN
,	I-GN
appuyé	I-GN
contre	I-GN
le	I-GN
bastingage	I-GN
,	O
ne	O
pouvait	O
détacher	O
les	B-GN
yeux	I-GN
de	O
la	B-GN
chaloupe	I-GN
qui	B-GN
s'	O
éloignait	O
.	O
Ce	B-GN
brave	I-GN
officier	I-GN
,	O
dont	B-GN
la	O
conduite	O
,	O
jusqu'	O
alors	B-GN
loyale	I-GN
et	O
franche	O
,	O
avait	O
mérité	O
les	B-GN
éloges	I-GN
de	O
tous	B-GN
les	I-GN
commandants	I-GN
sous	O
lesquels	B-GN
il	B-GN
avait	O
servi	O
,	O
n'	O
était	O
plus	O
aujourd'hui	O
que	B-GN
le	I-GN
chef	I-GN
d'	O
une	B-GN
bande	I-GN
de	O
forbans	B-GN
.	O
Il	O
ne	O
lui	O
serait	O
plus	O
permis	O
de	O
revoir	O
ni	O
sa	O
vieille	O
mère	O
,	O
ni	B-GN
sa	I-GN
fiancée	I-GN
,	O
ni	B-GN
les	I-GN
rivages	I-GN
de	O
l'	B-GN
île	I-GN
de	O
Man	B-GN
,	O
sa	B-GN
patrie	I-GN
.	O
Il	O
se	O
sentait	O
déchu	O
dans	O
sa	B-GN
propre	I-GN
estime	I-GN
,	O
déshonoré	O
aux	O
yeux	B-GN
de	O
tous	O
!	O
Le	B-GN
châtiment	I-GN
suivait	O
déjà	O
la	B-GN
faute	I-GN
!	O
LES	B-GN
ABANDONNES	I-GN
---------------------------	O
  	O
Avec	O
ses	B-GN
dix-huit	I-GN
passagers	I-GN
,	B-GN
officiers	I-GN
et	O
matelots	O
,	O
et	O
le	B-GN
peu	I-GN
de	O
provisions	B-GN
qu'	B-GN
elle	B-GN
contenait	O
,	O
la	B-GN
chaloupe	I-GN
qui	B-GN
portait	O
Bligh	B-GN
était	O
tellement	O
chargée	O
,	O
qu'	O
elle	B-GN
dépassait	O
à	O
peine	B-GN
de	O
quinze	B-GN
pouces	I-GN
le	B-GN
niveau	I-GN
de	O
la	O
mer	O
.	O
Longue	O
de	O
vingt	O
et	O
un	O
pieds	O
,	O
large	O
de	O
six	B-GN
,	O
elle	B-GN
pouvait	O
être	O
parfaitement	O
appropriée	O
au	O
service	B-GN
de	O
la	B-GN
Bounty	I-GN
;	O
mais	O
,	O
pour	O
contenir	O
un	B-GN
équipage	I-GN
aussi	I-GN
nombreux	I-GN
,	O
pour	O
faire	O
un	B-GN
voyage	I-GN
un	O
peu	O
long	O
,	O
il	O
était	O
difficile	O
de	O
trouver	O
embarcation	B-GN
plus	I-GN
détestable	I-GN
.	O
  	O
Les	B-GN
matelots	I-GN
,	B-GN
confiants	I-GN
dans	O
l'	B-GN
énergie	I-GN
et	O
l'	B-GN
habileté	I-GN
du	O
capitaine	B-GN
Bligh	I-GN
et	I-GN
des	I-GN
officiers	I-GN
confondus	I-GN
dans	O
le	B-GN
même	I-GN
sort	I-GN
,	O
nageaient	O
vigoureusement	O
,	O
et	O
la	B-GN
chaloupe	I-GN
fendait	O
rapidement	O
les	B-GN
lames	I-GN
.	O
  	O
Bligh	B-GN
n'	O
avait	O
pas	O
hésité	O
sur	O
le	B-GN
parti	I-GN
à	O
prendre	O
.	O
Il	B-GN
fallait	O
,	O
tout	O
d'	O
abord	O
,	O
regagner	O
au	O
plus	O
tôt	O
l'	O
île	O
Tofoa	O
,	O
la	O
plus	O
voisine	O
du	O
groupe	B-GN
des	O
îles	B-GN
des	O
Amis	B-GN
,	O
qu'	B-GN
ils	B-GN
avaient	O
quittée	O
quelques	B-GN
jours	I-GN
avant	O
,	O
il	O
fallait	O
y	O
recueillir	O
des	B-GN
fruits	I-GN
de	O
l'	B-GN
arbre	I-GN
à	O
pain	B-GN
,	O
renouveler	O
l'	B-GN
approvisionnement	I-GN
d'	O
eau	B-GN
,	O
et	O
,	O
de	O
là	O
,	O
courir	O
sur	O
Tonga	B-GN
-	B-GN
Tabou	B-GN
.	O
On	B-GN
pourrait	O
sans	O
doute	B-GN
y	O
prendre	O
des	B-GN
vivres	I-GN
en	O
assez	B-GN
grande	I-GN
quantité	I-GN
pour	O
faire	O
la	B-GN
traversée	I-GN
jusqu'	O
aux	B-GN
établissements	I-GN
hollandais	I-GN
de	O
Timor	B-GN
,	O
si	O
,	O
par	O
crainte	O
des	O
indigènes	B-GN
,	O
l'	B-GN
on	B-GN
ne	O
voulait	O
pas	O
s'	B-GN
arrêter	O
dans	O
les	B-GN
innombrables	I-GN
archipels	I-GN
semés	O
sur	O
la	B-GN
route	I-GN
.	O
  	O
La	B-GN
première	I-GN
journée	I-GN
se	O
passa	O
sans	O
incident	B-GN
,	O
et	O
la	B-GN
nuit	I-GN
tombait	O
,	O
lorsqu'	O
on	B-GN
découvrit	O
les	B-GN
côtes	I-GN
de	O
Tofoa	B-GN
.	O
Par	O
malheur	B-GN
,	O
le	B-GN
rivage	I-GN
était	O
si	O
rocheux	O
,	O
la	O
plage	O
si	O
accore	O
,	O
qu'	O
on	B-GN
ne	O
pouvait	O
y	O
débarquer	O
de	O
nuit	B-GN
.	O
Il	O
fallut	O
donc	O
attendre	O
le	B-GN
jour	I-GN
.	O
  	O
Blîgh	B-GN
,	O
à	O
moins	O
de	O
nécessité	O
absolue	O
,	O
entendait	O
ne	O
pas	O
toucher	O
aux	O
provisions	B-GN
de	O
la	B-GN
chaloupe	I-GN
.	O
Il	O
fallait	O
donc	O
que	O
l'	B-GN
île	I-GN
nourrît	O
ses	B-GN
hommes	I-GN
et	O
lui	B-GN
.	O
Cela	B-GN
semblait	O
devoir	O
être	O
difficile	O
,	O
car	O
,	O
tout	O
d	O
'	O
abord	O
,	O
lorsqu'	O
ils	B-GN
furent	O
à	O
terre	B-GN
,	O
ils	B-GN
ne	O
rencontrèrent	O
pas	O
trace	O
d'	O
habitants	B-GN
.	O
Quelques	B-GN
-	I-GN
uns	O
,	O
cependant	O
,	O
ne	O
tardèrent	O
pas	O
à	O
se	O
montrer	O
,	O
et	O
,	O
ayant	O
été	O
bien	O
reçus	O
,	O
ils	B-GN
en	O
amenèrent	O
d'	O
autres	O
,	O
qui	B-GN
apportèrent	O
un	B-GN
peu	I-GN
d'	I-GN
eau	I-GN
et	O
quelques	B-GN
noix	I-GN
de	O
coco	B-GN
.	O
"	  "	O
  	O
L'	B-GN
embarras	I-GN
de	O
Bligh	B-GN
était	O
grand	O
.	O
Que	B-GN
dire	O
à	O
ces	B-GN
naturels	I-GN
qui	B-GN
avaient	O
déjà	O
trafiqué	O
avec	O
la	B-GN
 	I-GN
Bounty	I-GN
  	O
pendant	O
sa	B-GN
dernière	I-GN
relâche	I-GN
?	O
A	O
tout	B-GN
prix	I-GN
,	O
il	B-GN
importait	O
de	O
leur	O
cacher	O
la	B-GN
vérité	I-GN
,	O
afin	O
de	O
ne	O
pas	O
détruire	O
le	B-GN
prestige	I-GN
dont	B-GN
les	O
étrangers	O
avaient	O
été	O
entourès	O
jusqu'	O
alors	B-GN
dans	I-GN
ces	I-GN
îles	I-GN
.	O
"		"	O
  	O
Dire	O
qu'	O
ils	B-GN
étaient	O
envoyés	O
aux	O
provisions	B-GN
par	O
le	B-GN
bâtiment	I-GN
resté	O
au	O
large	B-GN
?	O
Impossible	B-GN
,	O
puisque	O
la	B-GN
Bounty	I-GN
n'	O
était	O
pas	O
visible	O
,	O
même	B-GN
du	I-GN
haut	I-GN
des	O
collines	B-GN
!	O
Dire	O
que	O
le	B-GN
navire	I-GN
avait	O
fait	O
naufrage	O
,	O
et	O
que	O
les	B-GN
indigènes	I-GN
voyaient	O
en	O
eux	O
les	B-GN
seuls	I-GN
survivants	I-GN
des	O
naufragés	B-GN
?	O
C'	B-GN
était	O
encore	O
la	O
fable	O
la	O
plus	O
vraisemblable	O
.	O
Peut	O
-	O
être	O
les	O
toucherait	O
-elle	O
,	O
les	O
amènerait	O
-elle	B-GN
à	O
compléter	O
les	B-GN
provisions	I-GN
de	O
la	B-GN
chaloupe	I-GN
.	O
Bligh	B-GN
s'	O
arrêta	O
donc	O
à	O
ce	B-GN
dernier	I-GN
parti	I-GN
,	O
Si	O
dangereux	O
qu'	O
il	B-GN
fût	O
,	O
et	O
il	B-GN
prévint	O
ses	B-GN
hommes	I-GN
,	O
afin	B-GN
que	I-GN
tout	I-GN
le	I-GN
monde	I-GN
fût	I-GN
d'	O
accord	B-GN
sur	O
cette	B-GN
fable	I-GN
.	O
  	O
En	O
entendant	O
ce	B-GN
récit	I-GN
,	O
les	B-GN
naturels	I-GN
ne	O
firent	O
paraître	O
ni	O
marque	O
de	O
joie	B-GN
ni	O
signes	B-GN
de	O
chagrin	B-GN
.	O
Leur	B-GN
visage	I-GN
n'	O
exprima	O
qu'	O
un	O
profond	O
étonnement	O
,	O
et	O
il	O
fut	O
impossible	O
de	O
connaître	O
ce	B-GN
qu'	O
ils	B-GN
pensaient	O
  	O
Le	O
2	O
mai	B-GN
,	O
le	B-GN
nombre	I-GN
des	O
indigènes	B-GN
venus	O
des	O
autres	B-GN
parties	I-GN
de	O
l'	B-GN
île	I-GN
s'	O
accrut	O
d'	O
une	B-GN
façon	I-GN
inquiétante	I-GN
,	O
et	O
Bligh	B-GN
put	O
bientôt	O
juger	O
qu'	O
ils	B-GN
avaient	O
des	B-GN
intentions	I-GN
hostiles	I-GN
.	O
Quelques	O
-	B-GN
uns	O
essayèrent	O
même	O
de	O
haler	O
l'	B-GN
embarcation	I-GN
sur	O
le	B-GN
rivage	I-GN
,	O
et	O
ne	O
se	O
retirèrent	O
que	O
devant	O
les	O
démonstrations	O
énergiques	O
du	O
capitaine	B-GN
,	O
qui	O
dut	O
les	B-GN
menacer	O
de	O
son	B-GN
coutelas	I-GN
.	O
Pendant	O
ce	B-GN
temps	I-GN
,	O
quelques-uns	O
de	O
ses	B-GN
hommes	I-GN
,	O
que	O
Bligh	B-GN
avait	O
envoyés	O
à	O
la	B-GN
recherche	I-GN
,	O
rapportaient	O
trois	B-GN
gallons	I-GN
d'	O
eau	B-GN
.	O
  	O
Le	B-GN
moment	I-GN
était	O
venu	O
de	O
quitter	O
cette	O
île	O
inhospitalière	O
.	O
Au	O
coucher	O
du	O
soleil	B-GN
,	O
tout	O
était	O
prêt	O
,	O
mais	O
il	O
n'	O
était	O
pas	O
facile	O
de	O
gagner	O
la	B-GN
chaloupe	I-GN
.	O
Le	B-GN
rivage	I-GN
était	O
bordé	O
d'	O
une	B-GN
foule	I-GN
d'	O
indigènes	B-GN
qui	B-GN
choquaient	O
des	B-GN
pierres	I-GN
l'	I-GN
une	I-GN
contre	I-GN
l'	I-GN
autre	I-GN
,	I-GN
prêts	I-GN
à	I-GN
les	I-GN
lancer	I-GN
.	O
Il	O
fallait	O
donc	O
que	O
la	B-GN
chaloupe	I-GN
se	O
tînt	O
à	O
quelques	B-GN
toises	I-GN
du	O
rivage	B-GN
et	O
n'	O
accostât	O
qu'	O
au	O
moment	O
même	O
où	O
les	B-GN
hommes	I-GN
seraient	O
tout	O
à	O
fait	O
prêts	O
à	O
embarquer	O
.	O
  	O
Les	B-GN
Anglais	I-GN
,	O
véritablement	O
très	O
inquiets	O
des	O
dispositions	B-GN
hostiles	I-GN
des	O
naturels	B-GN
,	O
redescendirent	O
la	B-GN
grève	I-GN
,	O
au	O
milieu	B-GN
de	O
deux	B-GN
cents	I-GN
indigènes	I-GN
,	O
qui	B-GN
n'	O
attendaient	O
qu'	O
un	B-GN
signal	I-GN
pour	O
se	O
jeter	O
sur	O
eux	B-GN
.	O
Cependant	O
,	O
tous	O
venaient	O
d'	O
entrer	O
heureusement	O
dans	O
l'	B-GN
embarcation	I-GN
,	O
lorsque	O
l'	B-GN
un	I-GN
des	O
matelots	B-GN
,	O
nommé	B-GN
Bancroft	I-GN
,	O
eut	O
la	B-GN
funeste	I-GN
idée	I-GN
de	O
revenir	O
sur	O
la	B-GN
plage	I-GN
pour	O
chercher	O
quelque	B-GN
objet	I-GN
qu'	O
il	O
y	O
avait	O
oublié	O
.	O
En	O
une	O
seconde	O
,	O
cet	O
imprudent	O
fut	O
entouré	O
par	O
les	B-GN
naturels	I-GN
et	O
assommé	O
à	O
coups	B-GN
de	O
pierre	B-GN
,	O
sans	O
que	O
ses	B-GN
compagnons	I-GN
,	O
qui	B-GN
ne	O
possédaient	O
pas	O
une	O
arme	O
à	O
feu	B-GN
pussent	O
le	B-GN
secourir	I-GN
.	O
D'	O
ailleurs	O
,	O
eux	O
-	O
mêmes	O
,	O
à	O
cet	B-GN
instant	I-GN
,	O
étaient	O
attaqués	O
,	O
des	O
pierres	O
pleuvaient	O
sur	O
eux	B-GN
.	O
  	O
""""	B-GN
Allons	I-GN
,	O
garçons	O
,	O
cria	O
Bligh	O
,	B-GN
vite	I-GN
aux	I-GN
avirons	I-GN
,	O
et	O
souquez	B-GN
ferme	O
!	O
""""	O
  	O
Les	O
naturels	O
entrèrent	O
alors	O
dans	O
la	B-GN
mer	I-GN
et	O
firent	B-GN
pleuvoir	O
sur	O
l'	B-GN
embarcation	I-GN
une	B-GN
nouvelle	I-GN
grêle	I-GN
de	O
cailloux	B-GN
.	O
Plusieurs	B-GN
hommes	I-GN
furent	O
blessés	O
.	O
Mais	B-GN
Hayward	I-GN
,	O
ramassant	O
une	O
des	O
pierres	B-GN
qui	B-GN
étaient	O
tombées	O
dans	O
la	B-GN
chaloupe	I-GN
,	O
visa	O
l'	B-GN
un	I-GN
des	O
assaillants	B-GN
et	O
l'	B-GN
atteignit	I-GN
entre	O
les	B-GN
deux	I-GN
yeux	I-GN
.	O
L'	B-GN
indigène	I-GN
tomba	O
à	O
la	B-GN
renverse	I-GN
en	O
poussant	O
un	B-GN
grand	I-GN
cri	I-GN
auquel	I-GN
répondirent	O
les	B-GN
hourras	I-GN
des	O
Anglais	B-GN
.	O
Leur	B-GN
infortuné	I-GN
camarade	I-GN
était	O
vengé	O
.	O
  	O
Cependant	O
,	O
plusieurs	B-GN
pirogues	I-GN
se	O
détachaient	O
du	O
rivage	B-GN
et	O
leur	B-GN
donnaient	I-GN
la	B-GN
chasse	I-GN
.	O
Cette	B-GN
poursuite	I-GN
ne	O
pouvait	O
se	B-GN
terminer	O
que	B-GN
par	I-GN
un	I-GN
combat	I-GN
,	O
dont	B-GN
l'	O
issue	O
n'	O
aurait	O
pas	O
été	O
heureuse	O
,	O
lorsque	O
le	B-GN
maître	I-GN
d'	O
équipage	B-GN
eut	O
une	O
lumineuse	O
idée	O
.	O
Sans	O
se	O
douter	O
qu'	O
il	B-GN
imitait	O
Hippomène	B-GN
dans	O
sa	B-GN
lutte	I-GN
avec	O
Atalante	B-GN
,	O
il	O
se	O
dépouilla	O
de	O
sa	B-GN
vareuse	I-GN
et	O
la	B-GN
jeta	I-GN
à	O
la	O
mer	O
.	O
Les	B-GN
naturels	I-GN
lâchant	O
la	B-GN
proie	I-GN
pour	O
l'	B-GN
ombre	I-GN
,	O
s	O
'	O
attardérent	O
afin	O
de	O
la	B-GN
ramasser	O
,	O
et	O
cet	B-GN
expédient	I-GN
permit	O
à	O
la	B-GN
chaloupe	I-GN
de	O
doubler	O
la	B-GN
pointe	I-GN
de	O
la	B-GN
baie	I-GN
.	O
  	O
Sur	O
ces	B-GN
entrefaites	I-GN
,	O
la	B-GN
nuit	I-GN
était	O
entièrement	O
venue	O
,	O
et	O
les	B-GN
indigènes	I-GN
,	O
découragés	O
,	O
abandonnèrent	O
la	B-GN
poursuite	I-GN
de	O
la	B-GN
chaloupe	I-GN
.	O
  	O
Cette	B-GN
première	I-GN
tentative	I-GN
de	O
débarquement	O
était	O
trop	O
malheureuse	O
pour	O
être	O
renouvelée	O
;	O
tel	O
fut	B-GN
du	I-GN
moins	I-GN
l'	I-GN
avis	I-GN
du	O
capitaine	B-GN
Bligh	I-GN
.	O
  	O
""""	O
C'	O
est	O
maintenant	O
qu'	O
il	O
faut	O
prendre	O
une	B-GN
résolution	I-GN
,	O
dit	O
-il	O
.	O
La	B-GN
scène	I-GN
qui	B-GN
vient	O
de	O
se	O
passer	O
à	O
Tofoa	B-GN
se	O
renouvellera	O
,	O
j'	B-GN
en	O
suis	O
certain	O
,	O
à	O
Tonga	B-GN
-	B-GN
Tabou	B-GN
,	O
et	O
partout	O
où	O
nous	B-GN
voudrons	O
accoster	O
.	O
En	O
petit	B-GN
nombre	I-GN
,	O
sans	O
armes	B-GN
à	O
feu	B-GN
,	O
nous	B-GN
serons	O
absolument	O
à	O
la	B-GN
merci	I-GN
des	O
indigènes	B-GN
.	O
Privés	B-GN
d'	O
objets	B-GN
d'	O
échange	B-GN
,	O
nous	B-GN
ne	O
pouvons	O
acheter	O
de	O
vivres	B-GN
,	O
et	O
il	O
nous	O
est	O
impossible	O
de	O
nous	O
les	B-GN
procurer	O
de	O
vive	B-GN
force	I-GN
.	O
Nous	B-GN
sommes	O
donc	O
réduits	O
à	O
nos	B-GN
seules	I-GN
ressources	I-GN
.	O
Or	O
,	O
vous	B-GN
savez	O
comme	O
moi	B-GN
,	B-GN
mes	I-GN
amis	I-GN
,	O
combien	O
elles	B-GN
sont	O
misérables	O
!	O
Mais	O
ne	O
vaut	O
-il	O
pas	O
mieux	O
s'	O
en	O
contenter	O
que	O
de	O
risquer	O
,	O
à	O
chaque	B-GN
atterrissage	I-GN
,	B-GN
la	I-GN
vie	I-GN
de	O
plusieurs	O
d'	O
entre	B-GN
nous	I-GN
?	O
Cependant	O
,	O
je	B-GN
ne	O
veux	O
en	O
rien	B-GN
vous	B-GN
dissimuler	O
l'	B-GN
horreur	I-GN
de	O
notre	B-GN
situation	I-GN
.	O
Pour	O
atteindre	O
Timor	B-GN
,	O
nous	B-GN
avons	O
à	O
peu	O
près	O
douze	O
cents	O
lieues	O
à	O
franchir	O
,	O
et	O
il	O
faudra	O
vous	B-GN
contenter	O
d'	O
une	B-GN
once	I-GN
de	O
biscuit	B-GN
par	O
jour	B-GN
et	O
d'	B-GN
un	I-GN
quart	I-GN
de	O
pinte	B-GN
d'	O
eau	B-GN
!	O
Le	O
salut	O
est	O
à	O
ce	B-GN
prix	I-GN
seulement	O
,	O
et	O
encore	B-GN
,	I-GN
à	I-GN
la	I-GN
condition	I-GN
que	O
je	B-GN
trouverai	O
en	O
vous	B-GN
la	I-GN
plus	I-GN
complète	I-GN
obéissance	I-GN
.	O
Répondez	B-GN
-moi	O
sans	O
arrière-pensée	O
!	O
Consentez	B-GN
-vous	O
à	O
tenter	O
l'	B-GN
entreprise	I-GN
?	O
Jurez	O
-vous	O
d'	O
obéir	O
à	O
mes	B-GN
ordres	I-GN
quels	I-GN
qu	B-GN
'	I-GN
ils	I-GN
soient	O
?	O
Promettez	B-GN
-vous	O
de	O
vous	B-GN
soumettre	O
sans	O
murmure	B-GN
à	O
ces	B-GN
privations	I-GN
?	O
  	O
--	B-GN
Oui	I-GN
,	O
oui	B-GN
,	O
nous	B-GN
le	O
jurons	O
!	O
s'	O
écrièrent	O
d'	O
une	B-GN
commune	I-GN
voix	I-GN
les	B-GN
compagnons	I-GN
de	O
Bligh	B-GN
.	O
  	O
--Mes	B-GN
amis	I-GN
,	O
reprit	O
le	B-GN
capitaine	I-GN
,	O
il	O
faut	O
aussi	O
oublier	O
nos	B-GN
torts	I-GN
réciproques	I-GN
,	B-GN
nos	I-GN
antipathies	I-GN
et	O
nos	B-GN
haines	I-GN
,	O
sacrifier	O
en	O
un	B-GN
mot	I-GN
nos	O
rancunes	O
personnelles	O
à	O
l'	B-GN
intérêt	I-GN
de	O
tous	O
,	O
qui	B-GN
doit	O
seul	O
nous	B-GN
guider	O
!	O
   	O
--	O
Nous	B-GN
le	O
promettons	O
.	O
   	O
--	O
Si	O
vous	B-GN
tenez	O
votre	B-GN
parole	I-GN
,	O
ajouta	B-GN
Bligh	I-GN
,	O
et	O
,	O
au	O
besoin	B-GN
,	O
je	B-GN
saurai	O
vous	B-GN
y	O
forcer	O
,	O
je	B-GN
réponds	O
du	O
salut	B-GN
.	O
""""	O
  	O
La	B-GN
route	I-GN
fut	O
faite	O
vers	O
l'	B-GN
O.-N.-O.	I-GN
Le	B-GN
vent	I-GN
,	O
qui	B-GN
était	O
assez	O
fort	O
,	O
souffla	O
en	O
tempête	O
dans	O
la	B-GN
soirée	I-GN
du	O
4	O
mai	B-GN
.	O
Les	B-GN
lames	I-GN
devinrent	O
si	B-GN
grosses	I-GN
,	O
que	O
l'	B-GN
embarcation	I-GN
disparaissait	O
entre	O
elles	B-GN
,	O
et	O
semblait	O
ne	O
pouvoir	O
se	O
relever	O
.	O
Le	B-GN
danger	I-GN
augmentait	O
à	O
chaque	B-GN
instant	I-GN
.	O
Trempés	B-GN
et	O
glacés	O
,	O
les	B-GN
malheureux	I-GN
n'	O
eurent	O
pour	O
se	B-GN
réconforter	O
,	O
ce	B-GN
jour	I-GN
-là	O
,	O
qu'	O
une	O
tasse	O
à	O
thé	O
de	O
rhum	B-GN
et	O
le	B-GN
quart	I-GN
d'	O
un	B-GN
fruit	I-GN
à	O
pain	B-GN
à	O
moitiè	O
pourri	O
.	O
  	O
Le	B-GN
lendemain	I-GN
et	O
les	B-GN
jours	I-GN
suivants	I-GN
,	O
la	B-GN
situation	I-GN
ne	O
changea	O
pas	O
.	O
L'	B-GN
embarcation	I-GN
passa	O
au	O
milieu	B-GN
d'	O
îles	O
innombrables	O
,	O
d'	O
où	O
quelques	B-GN
pirogues	I-GN
se	O
détachèrent	O
.	O
  	O
Était	O
-ce	B-GN
pour	O
lui	O
donner	O
la	B-GN
chasse	I-GN
,	O
était	O
-ce	O
pour	O
faire	O
quelques	B-GN
échanges	I-GN
?	O
Dans	O
le	B-GN
doute	I-GN
,	O
il	B-GN
aurait	O
été	O
imprudent	O
de	O
s'	O
arrêter	O
.	O
Aussi	O
,	O
la	B-GN
chaloupe	I-GN
,	O
les	B-GN
voiles	I-GN
gonflées	O
par	O
un	O
bon	O
vent	O
,	O
les	O
eut	O
bientôt	O
laissées	O
loin	O
derrière	O
elle	B-GN
.	O
  	O
Le	O
9	O
mai	B-GN
,	O
un	O
orage	O
épouvantable	O
éclata	O
.	O
Le	B-GN
tonnerre	I-GN
,	O
les	B-GN
éclairs	I-GN
se	O
succédaient	O
sans	O
interruption	B-GN
.	O
La	B-GN
pluie	I-GN
tombait	O
avec	O
une	B-GN
force	I-GN
dont	B-GN
les	O
plus	O
violents	O
orages	O
de	O
nos	B-GN
climats	I-GN
ne	O
peuvent	O
donner	O
une	B-GN
idée	I-GN
.	O
Il	O
était	O
impossible	O
de	O
faire	O
sécher	O
les	B-GN
vêtements	I-GN
.	O
Bligh	B-GN
,	O
alors	O
,	O
eut	O
l'	B-GN
idée	I-GN
de	O
les	B-GN
tremper	O
dans	O
l'	B-GN
eau	I-GN
de	O
mer	O
et	O
de	O
les	O
imprégner	O
de	O
sel	O
,	O
afin	O
de	O
ramener	O
à	O
la	B-GN
peau	I-GN
un	B-GN
peu	I-GN
de	I-GN
la	I-GN
chaleur	I-GN
enlevée	O
par	O
la	B-GN
pluie	I-GN
.	O
Toutefois	O
,	O
ces	B-GN
pluies	I-GN
torrentielles	O
,	O
qui	B-GN
causèrent	O
tant	O
de	O
souffrances	B-GN
au	O
capitaine	B-GN
et	O
à	B-GN
ses	I-GN
compagnons	I-GN
,	O
leur	O
épargnèrent	O
d'	O
autres	B-GN
tortures	I-GN
encore	I-GN
plus	I-GN
horribles	I-GN
,	O
les	O
tortures	O
de	O
la	B-GN
soif	I-GN
,	O
qu'	O
une	O
insoutenable	O
chaleur	O
eût	O
bientôt	O
provoquées	O
.	O
  	O
Le	O
17	O
mai	B-GN
,	O
au	O
matin	B-GN
,	O
à	O
la	B-GN
suite	I-GN
d'	O
un	B-GN
orage	I-GN
terrible	I-GN
,	O
les	B-GN
plaintes	I-GN
devinrent	O
unanimes	O
:	O
  	O
""""	O
Jamais	O
nous	B-GN
n'	O
aurons	O
la	B-GN
force	I-GN
d'	O
atteindre	O
la	B-GN
Nouvelle	I-GN
-	B-GN
Hollande	B-GN
,	O
s'	B-GN
écrièrent	I-GN
les	I-GN
malheureux	I-GN
.	O
Transpercés	O
par	O
la	B-GN
pluie	I-GN
,	O
épuisés	O
de	O
fatigue	B-GN
,	O
n'	O
aurons	O
-nous	O
jamais	O
 	O
un	B-GN
moment	I-GN
de	O
repos	B-GN
!	O
A	O
demi	O
morts	O
de	O
faim	B-GN
,	O
n'	O
augmenterez	O
-vous	O
pas	O
nos	B-GN
rations	I-GN
,	O
capitaine	B-GN
?	O
Peu	O
importe	O
que	O
nos	B-GN
vivres	I-GN
s'	O
épuisent	O
!	O
Nous	B-GN
trouverons	O
facilement	O
à	O
les	O
remplacer	O
en	O
arrivant	O
à	O
la	B-GN
Nouvelle	I-GN
-	B-GN
Hollande	B-GN
!	O
  	O
--	O
Je	B-GN
refuse	O
,	O
répondit	O
Bligh	B-GN
.	O
Ce	B-GN
serait	O
agir	O
comme	O
des	B-GN
fous	I-GN
.	O
Comment	O
!	O
nous	B-GN
n'	O
avons	O
franchi	O
que	O
la	O
moitié	O
de	O
la	B-GN
distance	I-GN
qui	B-GN
nous	O
sépare	O
de	O
l'	B-GN
Australie	I-GN
,	O
et	O
vous	B-GN
êtes	O
déjà	O
découragés	O
!	O
Croyez	O
-vous	O
,	O
d'	O
ailleurs	O
,	O
pouvoir	O
trouver	O
facilement	O
des	O
vivres	B-GN
sur	O
la	B-GN
côte	I-GN
de	O
la	B-GN
Nouvelle	I-GN
-	B-GN
Hollande	B-GN
!	O
Vous	B-GN
ne	O
connaissez	O
donc	O
pas	O
le	B-GN
pays	I-GN
et	O
ses	B-GN
habitants	I-GN
!	O
""""	O
  	O
Et	B-GN
Bligh	I-GN
se	O
mit	O
à	O
peindre	O
à	O
grands	B-GN
traits	I-GN
la	B-GN
nature	I-GN
du	O
sol	B-GN
,	O
les	B-GN
moeurs	I-GN
des	O
indigènes	B-GN
,	O
le	O
peu	O
de	O
fonds	B-GN
qu'	B-GN
il	O
fallait	O
faire	O
sur	O
leur	B-GN
accueil	I-GN
,	O
toutes	B-GN
choses	I-GN
que	B-GN
son	I-GN
voyage	I-GN
avec	O
le	B-GN
capitaine	I-GN
Cook	B-GN
lui	O
avait	O
appris	O
à	O
connaître	O
.	O
Pour	O
cette	B-GN
fois	I-GN
encore	O
,	O
ses	B-GN
infortunés	I-GN
compagnons	O
l'	O
écoutèrent	O
et	O
se	O
turent	O
.	O
  	O
Les	B-GN
quinze	I-GN
jours	I-GN
suivants	I-GN
furent	O
égayés	O
par	O
un	B-GN
clair	I-GN
soleil	I-GN
,	O
qui	B-GN
permit	O
de	O
sécher	O
les	B-GN
vêtements	I-GN
.	O
Le	O
27	O
,	O
furent	O
franchis	O
les	B-GN
brisants	I-GN
qui	B-GN
bordent	O
la	B-GN
côte	I-GN
orientale	I-GN
de	O
la	B-GN
Nouvelle	I-GN
Hollande	B-GN
.	O
La	B-GN
mer	I-GN
était	I-GN
calme	I-GN
derrière	O
cette	B-GN
ceinture	I-GN
madréporique	I-GN
,	O
et	O
quelques	B-GN
groupes	I-GN
d'	O
îles	B-GN
,	O
à	O
la	B-GN
végétation	I-GN
exotique	I-GN
,	O
réjouissaient	O
les	B-GN
regards	I-GN
.	O
  	O
On	B-GN
débarqua	O
en	O
ne	O
s'	O
avançant	O
qu'	B-GN
avec	I-GN
précaution	I-GN
.	O
On	B-GN
ne	O
trouva	O
d'	B-GN
autres	I-GN
traces	I-GN
du	O
sèjour	B-GN
des	O
naturels	B-GN
que	B-GN
d'	I-GN
anciennes	I-GN
places	I-GN
à	O
feu	B-GN
.	O
Il	O
était	O
donc	O
possible	O
de	O
passer	O
une	B-GN
bonne	I-GN
nuit	I-GN
à	O
terre	B-GN
.	O
  	O
Mais	O
il	O
fallait	O
manger	O
.	O
Par	O
bonheur	B-GN
,	O
un	B-GN
des	O
matelots	B-GN
découvrit	O
un	B-GN
banc	I-GN
d'	O
huîtres	B-GN
.	O
Ce	B-GN
fut	O
un	O
véritable	O
régal	O
.	O
  	O
Le	B-GN
lendemain	I-GN
,	B-GN
Bligh	I-GN
trouva	O
dans	O
la	B-GN
chaloupe	I-GN
un	B-GN
verre	I-GN
grossissant	I-GN
,	O
un	B-GN
briquet	I-GN
et	O
du	B-GN
soufre	I-GN
.	O
Il	B-GN
fut	O
donc	O
à	O
même	O
de	O
se	O
procurer	O
du	O
feu	B-GN
pour	O
faire	O
cuire	O
le	B-GN
gibier	I-GN
ou	O
le	B-GN
poisson	I-GN
.	O
  	O
Bligh	B-GN
eut	O
alors	O
la	B-GN
pensée	I-GN
de	O
diviser	O
son	B-GN
équipage	I-GN
en	O
trois	B-GN
escouades	I-GN
:	O
l'	O
une	O
devait	O
tout	O
mettre	O
en	O
ordre	B-GN
dans	O
l'	B-GN
embarcation	I-GN
;	O
les	O
deux	O
autres	O
,	O
aller	O
à	O
la	B-GN
recherche	I-GN
des	O
vivres	B-GN
.	O
Mais	O
plusieurs	B-GN
hommes	I-GN
se	O
plaignirent	O
avec	O
amertume	O
,	O
déclarant	O
qu'	O
ils	B-GN
aimaient	O
mieux	O
se	O
passer	O
de	O
dîner	O
que	O
de	O
s'	O
aventurer	O
dans	O
le	B-GN
pays	I-GN
.	O
  	O
L'	B-GN
un	I-GN
d'	O
eux	B-GN
,	O
plus	O
violent	O
ou	O
plus	O
énervé	O
que	O
ses	O
camarades	O
,	O
alla	O
même	O
jusqu'	O
à	O
dire	O
au	O
capitaine	B-GN
:	O
  	O
""""	O
Un	B-GN
homme	I-GN
en	O
vaut	B-GN
un	B-GN
autre	I-GN
,	O
et	O
je	B-GN
ne	O
vois	O
pas	O
pourquoi	O
vous	B-GN
resteriez	O
toujours	O
à	O
vous	O
reposer	O
!	O
Si	O
vous	B-GN
avez	O
faim	B-GN
,	O
allez	O
chercher	O
de	O
quoi	O
manger	O
!	O
Pour	O
ce	B-GN
que	B-GN
vous	B-GN
faites	O
ici	O
,	O
je	B-GN
vous	O
remplacerai	O
bien	O
!	O
""""	O
  	O
Bligh	B-GN
,	O
comprenant	O
que	O
cet	B-GN
esprit	I-GN
de	O
mutinerie	B-GN
devait	O
être	O
enrayé	O
sur-le-champ	B-GN
,	O
saisit	O
un	B-GN
coutelas	I-GN
,	O
et	O
,	O
en	O
jetant	O
un	B-GN
autre	I-GN
aux	I-GN
pieds	I-GN
du	O
rebelle	B-GN
,	O
il	B-GN
lui	O
cria	O
  	O
""""	B-GN
Défends	I-GN
-	B-GN
toi	B-GN
,	O
ou	O
je	B-GN
te	O
tue	O
comme	O
un	B-GN
chien	I-GN
!	O
""""	O
   	O
Cette	B-GN
attitude	I-GN
énergique	I-GN
fit	O
aussitôt	O
rentrer	O
le	B-GN
mutin	I-GN
en	O
lui-même	B-GN
,	O
et	O
le	B-GN
mécontentement	I-GN
général	I-GN
se	O
calma	O
.	O
  	O
Pendant	O
cette	B-GN
relâche	I-GN
,	O
l'	B-GN
équipage	I-GN
de	O
la	B-GN
chaloupe	I-GN
récolta	O
abondamment	O
des	B-GN
huîtres	I-GN
,	O
des	B-GN
peignes	I-GN
 	O
et	O
de	B-GN
l'	I-GN
eau	I-GN
douce	O
.	O
  	O
Un	O
peu	O
plus	O
loin	O
,	O
dans	O
le	B-GN
détroit	I-GN
de	O
l'	B-GN
Endeavour	I-GN
,	B-GN
de	I-GN
deux	I-GN
détachements	I-GN
envoyés	O
à	O
la	B-GN
chasse	I-GN
des	O
tortues	B-GN
et	O
des	B-GN
noddis	I-GN
,	O
le	O
premier	O
revint	O
les	B-GN
mains	I-GN
vides	B-GN
;	O
le	O
second	O
rapporta	O
six	B-GN
noddis	I-GN
,	O
mais	O
il	B-GN
en	O
aurait	O
pris	O
davantage	O
sans	O
l'	B-GN
obstination	I-GN
de	O
l'	B-GN
un	I-GN
des	O
chasseurs	B-GN
,	O
qui	B-GN
,	O
s'	O
étant	O
écarté	O
de	O
ses	B-GN
camarades	I-GN
,	O
effraya	O
ces	B-GN
oiseaux	I-GN
.	O
Cet	B-GN
homme	I-GN
avoua	I-GN
,	O
plus	O
tard	O
,	O
qu'	O
il	O
s'	O
était	O
emparé	O
de	O
neuf	O
de	O
ces	B-GN
volatiles	I-GN
et	O
qu'	O
il	O
les	B-GN
avait	I-GN
mangés	I-GN
crus	O
sur	O
place	B-GN
.	O
  	O
Sans	O
les	B-GN
vivres	I-GN
et	O
l'	B-GN
eau	I-GN
douce	O
qu'	O
il	B-GN
venait	O
de	O
trouver	O
sur	O
la	B-GN
côte	I-GN
de	O
la	B-GN
Nouvelle	I-GN
-	B-GN
Hollande	B-GN
,	O
il	O
est	O
bien	O
certain	O
que	O
Bligh	O
et	O
ses	B-GN
compagnons	I-GN
auraient	O
péri	O
.	O
D'	O
ailleurs	B-GN
,	I-GN
tous	I-GN
étaient	I-GN
dans	I-GN
un	I-GN
état	I-GN
lamentable	I-GN
,	B-GN
hâves	I-GN
,	O
défaits	O
,	O
épuisés	O
,	B-GN
--	I-GN
de	I-GN
véritables	I-GN
cadavres	I-GN
.	O
  	O
Le	B-GN
voyage	I-GN
en	O
pleine	B-GN
mer	O
,	O
pour	O
gagner	O
Timor	O
,	B-GN
ne	I-GN
fut	I-GN
que	I-GN
la	I-GN
douloureuse	I-GN
répétition	I-GN
des	O
souffrances	B-GN
déjà	O
endurées	O
par	O
ces	B-GN
malheureux	I-GN
avant	O
d	O
'	O
atteindre	O
les	B-GN
côtes	I-GN
de	O
la	B-GN
Nouvelle	I-GN
-	B-GN
Hollande	B-GN
.	O
Seulement	O
,	O
la	B-GN
force	I-GN
de	O
résistance	B-GN
avait	O
diminué	O
chez	O
tous	O
,	O
sans	O
exception	B-GN
.	O
Au	O
bout	B-GN
de	O
quelques	B-GN
jours	I-GN
,	O
leurs	B-GN
jambes	I-GN
étaient	O
enflées	O
.	O
Dans	O
cet	B-GN
état	I-GN
de	O
faiblesse	B-GN
extrême	I-GN
,	O
ils	B-GN
étaient	O
accablés	O
par	O
une	B-GN
envie	I-GN
de	O
dormir	B-GN
presque	I-GN
continuelle	I-GN
.	O
C'	B-GN
étaient	O
les	O
signes	O
avant-coureurs	O
d'	O
une	B-GN
fin	I-GN
qui	B-GN
ne	O
pouvait	O
tarder	O
beaucoup	O
.	O
Aussi	B-GN
Bligh	I-GN
,	O
qui	B-GN
s'	O
en	O
aperçut	O
,	O
distribua	O
une	B-GN
double	I-GN
ration	I-GN
aux	O
plus	O
affaiblis	O
et	O
s'	O
efforça	O
de	O
leur	B-GN
rendre	O
un	B-GN
peu	I-GN
d'	I-GN
espoir	I-GN
.	O
   	O
Enfin	O
,	O
le	O
12	O
juin	B-GN
au	O
matin	B-GN
,	B-GN
la	I-GN
côte	I-GN
de	O
Timor	B-GN
apparut	B-GN
,	O
après	O
trois	O
mille	O
six	O
cent	O
dix-huit	O
 	O
lieues	O
d'	O
une	B-GN
traversée	I-GN
accomplie	O
dans	O
des	B-GN
conditions	I-GN
épouvantables	I-GN
.	O
  	O
L'	B-GN
accueil	I-GN
que	O
les	B-GN
Anglais	I-GN
reçurent	O
à	O
Coupang	B-GN
fut	O
des	O
plus	O
sympathiques	O
.	O
ils	B-GN
y	O
restèrent	O
 	O
deux	B-GN
mois	I-GN
pour	O
se	O
refaire	O
.	O
Puis	O
,	B-GN
Bligh	I-GN
,	O
ayant	O
acheté	O
un	B-GN
petit	I-GN
schooner	I-GN
,	O
gagna	O
Batavia	O
,	O
où	O
il	O
s'	O
embarqua	O
pour	O
l'	B-GN
Angleterre	I-GN
.	O
  	O
Ce	B-GN
fut	O
le	O
14	O
mars	B-GN
1790	O
que	O
les	B-GN
abandonnés	I-GN
débarquèrent	O
à	O
Portsmouth	B-GN
.	O
Le	B-GN
récit	I-GN
des	O
tortures	B-GN
qu'	B-GN
ils	B-GN
avaient	O
endurées	O
excita	B-GN
la	I-GN
sympathie	I-GN
universelle	I-GN
et	O
 	B-GN
l'	I-GN
indignation	I-GN
de	O
tous	B-GN
les	I-GN
gens	I-GN
de	O
coeur	B-GN
.	O
Presque	O
aussitôt	O
,	O
l'	B-GN
Amirauté	I-GN
procédait	O
à	O
l'	B-GN
armement	I-GN
de	O
la	B-GN
frégate	I-GN
Pandore	I-GN
,	B-GN
de	I-GN
vingt-quatre	I-GN
canons	I-GN
et	O
de	B-GN
cent	I-GN
soixante	I-GN
hommes	O
d'	O
équipage	B-GN
,	O
et	O
l'	O
envoyait	O
à	O
la	B-GN
poursuite	I-GN
des	O
révoltés	B-GN
de	O
la	B-GN
Bounty	I-GN
.	O
"	"	O
On	B-GN
va	O
voir	O
ce	B-GN
qu'	B-GN
ils	B-GN
étaient	O
devenus	O
.	O
LES	B-GN
REVOLTES	I-GN
:	O
-------------	B-GN
  	O
Après	O
que	O
le	B-GN
capitaine	I-GN
Bligh	I-GN
eut	O
été	O
abandonné	O
en	O
pleine	B-GN
mer	I-GN
,	O
la	O
Bounty	O
avait	O
fait	B-GN
voile	I-GN
pour	I-GN
Taïti	I-GN
.	O
Le	B-GN
jour	I-GN
même	O
,	O
elle	B-GN
atteignait	O
Toubouïa	O
.	O
Le	O
riant	O
aspect	B-GN
de	O
cette	B-GN
petite	I-GN
île	I-GN
,	O
entourée	O
d'	O
une	B-GN
ceinture	I-GN
de	O
roches	O
madréporiques	O
,	O
invitait	O
Christian	O
à	O
y	O
descendre	O
;	O
mais	B-GN
les	I-GN
démonstrations	I-GN
des	O
habitants	B-GN
parurent	B-GN
trop	I-GN
menaçantes	I-GN
,	O
et	O
le	B-GN
débarquement	I-GN
ne	O
fut	O
pas	O
effectué	O
.	O
  	O
Ce	B-GN
fut	O
le	O
6	O
juin	B-GN
1789	O
que	O
l'	B-GN
ancre	I-GN
tomba	O
dans	O
la	B-GN
rade	I-GN
de	O
Matavaï	B-GN
.	O
La	B-GN
surprise	I-GN
des	O
Taïtiens	B-GN
fut	O
extrême	O
en	O
reconnaissant	O
la	B-GN
Bounty	I-GN
.	O
Les	B-GN
révoltés	I-GN
retrouvèrent	O
là	O
les	B-GN
indigènes	I-GN
avec	O
lesquels	B-GN
ils	B-GN
avaient	O
été	O
en	O
rapport	O
dans	O
une	B-GN
précédente	I-GN
relâche	I-GN
,	O
et	O
ils	B-GN
leurs	B-GN
racontèrent	O
une	B-GN
fable	I-GN
,	O
à	O
laquelle	B-GN
ils	B-GN
eurent	O
soin	B-GN
de	O
mêler	O
le	B-GN
nom	I-GN
du	O
capitaine	B-GN
Cook	I-GN
,	I-GN
dont	B-GN
les	O
Taïtiens	O
avaient	O
conservé	O
le	O
meilleur	O
souvenir	O
.	O
  	O
Le	O
29	O
juin	B-GN
,	O
les	B-GN
révoltés	I-GN
repartirent	O
pour	O
Toubouïa	B-GN
et	O
se	O
mirent	O
en	O
quête	B-GN
de	O
quelque	B-GN
île	I-GN
qui	B-GN
fût	O
située	O
en	O
dehors	O
de	O
la	O
route	O
ordinaire	O
des	O
bâtiments	B-GN
,	O
dont	B-GN
le	O
sol	O
fût	O
assez	O
fertile	O
pour	O
les	B-GN
nourrir	O
,	O
et	O
sur	O
laquelle	B-GN
ils	B-GN
pussent	O
vivre	O
en	O
toute	B-GN
sécurité	I-GN
.	O
Ils	B-GN
errèrent	O
ainsi	O
d'	O
archipel	O
en	O
archipel	B-GN
,	O
commettant	O
toutes	B-GN
sortes	I-GN
de	O
déprédations	B-GN
et	O
d'	B-GN
excès	I-GN
,	O
que	O
l'	B-GN
autorité	I-GN
de	O
Christian	B-GN
ne	O
parvenait	O
que	O
bien	O
rarement	O
à	O
prévenir	O
.	O
  	O
Puis	O
,	O
attirés	O
encore	O
une	B-GN
fois	I-GN
par	O
la	B-GN
fertilité	I-GN
de	O
Taïti	B-GN
,	O
par	O
les	B-GN
moeurs	I-GN
douces	I-GN
et	O
faciles	B-GN
de	O
ses	B-GN
habitants	I-GN
,	O
ils	B-GN
regagnèrent	O
la	B-GN
baie	I-GN
de	O
Matavaï	B-GN
.	O
Là	O
,	O
les	B-GN
deux	I-GN
tiers	I-GN
de	O
l'	B-GN
équipage	I-GN
descendirent	O
aussitôt	O
à	O
terre	B-GN
.	O
Mais	O
,	O
le	B-GN
soir	I-GN
même	O
,	O
la	B-GN
Bounty	I-GN
avait	O
levé	O
l'	B-GN
ancre	I-GN
et	O
disparu	O
,	O
avant	O
que	O
les	B-GN
matelots	I-GN
débarqués	O
eussent	O
pu	O
soupçonner	O
l'	B-GN
intention	I-GN
de	O
Christian	B-GN
de	O
partir	O
sans	O
eux	B-GN
.	O
  	O
Livrés	O
à	O
eux	B-GN
-	B-GN
mêmes	O
,	O
ces	B-GN
hommes	I-GN
s'	O
établirent	O
sans	O
trop	O
de	O
regrets	B-GN
dans	O
différents	B-GN
districts	I-GN
de	O
l'	B-GN
île	I-GN
,	O
Le	B-GN
maître	I-GN
d'	O
équipage	B-GN
Stewart	B-GN
et	O
le	B-GN
midshipman	I-GN
Peter	B-GN
Heywood	I-GN
,	O
les	B-GN
deux	I-GN
officiers	I-GN
que	B-GN
Christian	B-GN
avait	O
exceptés	O
de	O
la	B-GN
condamnation	I-GN
prononcée	O
contre	O
Bligh	B-GN
,	O
et	O
avait	O
emmenés	O
malgré	O
eux	B-GN
,	O
restèrent	O
à	O
Matavaï	B-GN
auprès	O
du	O
roi	B-GN
Tippao	I-GN
,	I-GN
dont	I-GN
Stewart	I-GN
épousa	I-GN
bientôt	I-GN
la	I-GN
soeur	I-GN
.	O
Morrison	B-GN
et	O
Millward	B-GN
se	O
rendirent	O
auprès	O
du	O
chef	B-GN
Péno	I-GN
,	I-GN
qui	I-GN
leur	I-GN
fit	I-GN
bon	I-GN
accueil	I-GN
.	O
Quant	B-GN
aux	I-GN
autres	I-GN
matelots	I-GN
,	O
ils	B-GN
s'	O
enfoncèrent	O
dans	O
l'	B-GN
intérieur	I-GN
de	O
l'	B-GN
île	I-GN
et	O
ne	O
tardèrent	O
pas	O
à	O
épouser	O
des	B-GN
Taïtiennes	I-GN
.	O
  	O
Churchill	B-GN
et	O
un	O
fou	O
furieux	O
nommé	O
Thompson	B-GN
,	O
 	O
après	O
avoir	O
commis	O
toute	B-GN
sorte	I-GN
de	O
crimes	B-GN
,	O
en	O
vinrent	O
tous	B-GN
deux	I-GN
aux	I-GN
mains	I-GN
.	O
Churchill	B-GN
fut	O
tué	O
dans	O
cette	B-GN
lutte	I-GN
,	O
et	O
Thompson	B-GN
lapidé	O
par	O
les	B-GN
naturels	I-GN
.	O
Ainsi	O
périrent	O
deux	B-GN
des	O
révoltés	B-GN
qui	B-GN
avaient	O
pris	O
la	B-GN
plus	I-GN
grand\plaine	I-GN
part	I-GN
à	O
la	B-GN
rébellion	I-GN
.	O
Les	B-GN
autres	I-GN
surent	I-GN
,	O
au	O
contraire	B-GN
,	O
par	O
leur	B-GN
bonne	I-GN
conduite	I-GN
,	O
se	O
faire	O
chérir	O
des	B-GN
Taïtiens	I-GN
.	O
  	O
Cependant	O
,	B-GN
Morrison	I-GN
et	O
Millward	B-GN
voyaient	B-GN
toujours	O
le	B-GN
châtiment	I-GN
suspendu	O
sur	O
leurs	B-GN
têtes	I-GN
et	O
ne	O
pouvaient	O
vivre	O
tranquilles	O
dans	O
cette	B-GN
île	I-GN
où	O
ils	B-GN
auraient	O
été	O
facilement	O
découverts	O
.	O
ils	B-GN
conçurent	O
donc	O
le	B-GN
dessein	I-GN
de	O
construire	O
un	B-GN
shooner	I-GN
,	O
sur	O
lequel	B-GN
ils	B-GN
essayeraient	O
de	O
gagner	O
Batavia	O
,	O
afin	O
de	O
se	O
perdre	O
au	O
milieu	B-GN
du	O
monde	B-GN
civilisé	I-GN
.	O
Avec	O
huit	O
de	O
leurs	B-GN
compagnons	I-GN
,	O
sans	O
autres	B-GN
outils	I-GN
que	O
ceux	B-GN
du	O
charpentier	B-GN
,	O
ils	B-GN
parvinrent	O
,	O
non	B-GN
sans	I-GN
peine	I-GN
,	O
à	O
construire	O
un	B-GN
petit	I-GN
bâtiment	I-GN
qu'	O
ils	B-GN
appelèrent	O
Résolution	B-GN
,	O
et	O
ils	B-GN
amarrèrent	O
dans	O
une	B-GN
baie	I-GN
derrière	O
une	O
des	O
pointes	B-GN
de	O
Taïti	B-GN
,	O
nommée	O
la	O
pointe	O
Vénus	B-GN
.	O
Mais	B-GN
l'	I-GN
impossibilité	I-GN
absolue	I-GN
où	O
ils	B-GN
se	O
trouvaient	O
de	O
se	O
procurer	O
des	B-GN
voiles	I-GN
les	B-GN
empêcha	I-GN
de	O
prendre	O
la	O
mer	O
.	O
  	O
Pendant	O
ce	B-GN
temps	I-GN
,	O
forts	O
de	O
leur	B-GN
innocence	I-GN
Stewart	B-GN
cultivait	O
un	O
jardin	O
,	O
et	O
Peter	O
Heywood	O
réunissait	O
les	B-GN
matériaux	I-GN
d'	O
un	B-GN
vocabulaire	I-GN
,	O
qui	B-GN
fut	O
plus	O
tard	O
,	O
d'	O
un	B-GN
grand	I-GN
secours	I-GN
aux	O
missionnaires	B-GN
anglais	O
.	O
  	O
Cependant	O
,	O
dix-huit	O
mois	B-GN
s'	O
étaient	O
écoulés	O
lorsque	O
,	O
le	O
23	O
mars	B-GN
1791	O
,	O
un	O
vaisseau	O
doubla	B-GN
la	O
pointe	O
Vénus	B-GN
et	O
s'	O
arrêta	O
dans	O
la	B-GN
baie	I-GN
Matavaï	B-GN
.	O
C'	B-GN
était	O
la	O
Pandore	O
,	O
envoyée	O
à	O
la	B-GN
poursuite	I-GN
des	O
révoltés	B-GN
par	O
 	B-GN
l'	I-GN
Amirauté	I-GN
anglaise	I-GN
.	O
                             	O
  	O
Heywood	B-GN
et	O
Stewart	B-GN
s'	O
empressèrent	O
de	O
se	O
rendre	O
à	O
bord	B-GN
,	O
déclarèrent	O
leurs	B-GN
noms	I-GN
et	O
qualités	B-GN
,	O
racontèrent	O
qu'	O
ils	B-GN
n'	O
avaient	O
pris	O
aucune	B-GN
part	I-GN
à	O
la	B-GN
révolte;mais	I-GN
on	B-GN
ne	O
les	O
crut	O
pas	O
,	O
et	O
ils	B-GN
furent	O
aussitôt	O
mis	O
aux	O
fers	B-GN
,	O
ainsi	B-GN
que	I-GN
tous	I-GN
leurs	I-GN
compagnons	I-GN
,	O
sans	O
que	B-GN
la	I-GN
 	I-GN
moindre	I-GN
enquête	I-GN
eût	O
été	O
faite	O
.	O
Traités	O
avec	O
l'	B-GN
inhumanité	I-GN
la	O
plus	O
révoltante	O
,	O
chargés	B-GN
de	O
chaînes	B-GN
,	O
menacés	O
d'	O
être	O
fusillés	O
s'	O
ils	B-GN
se	O
servaient	O
de	O
la	B-GN
langue	I-GN
taïtienne	I-GN
pour	I-GN
converser	I-GN
entre	I-GN
eux	I-GN
,	O
ils	B-GN
furent	O
enfermés	O
dans	O
une	B-GN
cage	I-GN
de	O
onze	B-GN
pieds	I-GN
de	O
long	O
,	O
placée	O
à	O
l'	B-GN
extrémité	I-GN
du	O
gaillard	B-GN
d'	O
arrière	B-GN
,	O
et	O
qu'	O
un	O
amateur	O
de	O
mythologie	B-GN
décora	O
du	O
nom	B-GN
de	O
""""	B-GN
boîte	I-GN
de	O
Pandore	B-GN
""""	O
.	O
  	O
Le	O
19	O
mai	B-GN
,	O
la	B-GN
Résolution	I-GN
,	O
qui	B-GN
avait	O
été	O
pourvue	O
de	O
voiles	B-GN
,	O
et	O
la	B-GN
Pandore	I-GN
reprirent	O
la	O
mer	O
.	O
Pendant	O
trois	B-GN
mois	I-GN
,	O
ces	B-GN
deux	I-GN
bâtiments	I-GN
croisèrent	O
à	O
travers	B-GN
l'	I-GN
archipel	I-GN
des	O
Amis	B-GN
,	O
où	O
l'	B-GN
on	B-GN
supposait	O
que	B-GN
Christian	I-GN
et	B-GN
le	I-GN
reste	I-GN
des	O
révoltés	B-GN
avaient	O
pu	O
se	O
réfugier	O
.	O
La	B-GN
Résolution	I-GN
d'	O
un	O
faible	O
tirant	O
d'	O
eau	B-GN
rendit	O
même	O
de	O
grands	B-GN
services	I-GN
pendant	O
cette	B-GN
croisière	I-GN
;	O
mais	O
elle	B-GN
disparut	O
dans	O
les	B-GN
parages	I-GN
de	O
l'	B-GN
île	I-GN
Chatam	B-GN
,	O
et	O
,	O
bien	O
que	O
la	O
Pandore	O
fût	O
restée	O
plusieurs	B-GN
jours	I-GN
en	O
vue	B-GN
,	O
jamais	O
on	B-GN
n'	O
en	O
entendit	O
parler	O
,	O
ni	O
des	B-GN
cinq	I-GN
marins	I-GN
qui	B-GN
la	O
montaient	O
.	O
  	O
La	B-GN
Pandore	I-GN
avait	O
repris	O
la	B-GN
route	I-GN
d'	O
Europe	B-GN
avec	O
ses	B-GN
prisonniers	I-GN
,	O
lorsque	O
,	O
dans	O
le	B-GN
détroit	I-GN
de	O
Torrès	B-GN
,	O
elle	B-GN
donna	O
contre	O
un	B-GN
écueil	I-GN
de	O
corail	B-GN
et	O
sombra	O
presque	O
aussitôt	O
avec	O
trente	O
et	O
un	B-GN
de	O
ses	B-GN
matelots	I-GN
et	O
quatre	O
des	O
révoltés	B-GN
.	O
  	O
L'	B-GN
équipage	I-GN
et	O
les	B-GN
prlsonniers	I-GN
qui	B-GN
avaient	O
échappé	O
au	O
naufrage	B-GN
gagnèrent	O
alors	O
un	O
îlot	O
sablonneux	O
.	O
Là	O
,	O
les	B-GN
officiers	I-GN
et	O
les	B-GN
matelots	I-GN
purent	O
s'	O
abriter	O
sous	O
des	B-GN
tentes	I-GN
;	O
mais	O
les	B-GN
rebelles	I-GN
,	O
exposés	O
aux	O
ardeurs	B-GN
d'	O
un	B-GN
soleil	I-GN
vertical	I-GN
,	O
furent	O
réduits	O
,	O
pour	O
trouver	O
un	O
peu	O
de	O
soulagement	B-GN
,	O
à	O
s'	O
enfoncer	O
dans	O
le	B-GN
sable	I-GN
jusqu'	O
au	B-GN
cou	I-GN
.	O
  	O
Les	B-GN
naufragés	I-GN
restèrent	O
sur	O
cet	B-GN
îlot	I-GN
pendant	O
quelques	B-GN
jours	I-GN
;	O
puis	B-GN
,	I-GN
tous	I-GN
gagnèrent	I-GN
Timor	I-GN
dans	I-GN
les	I-GN
chaloupes	I-GN
de	I-GN
la	I-GN
Pandore	I-GN
,	I-GN
et	I-GN
la	I-GN
surveillance	I-GN
si	I-GN
rigoureuse	I-GN
dont	I-GN
les	I-GN
mutins	I-GN
étaient	I-GN
l'	I-GN
objet	I-GN
ne	I-GN
fut	I-GN
pas	I-GN
un	I-GN
moment	I-GN
négligée	I-GN
,	I-GN
malgré	I-GN
la	I-GN
gravité	I-GN
des	I-GN
circonstances	I-GN
.	I-GN
  	O
Arrivés	O
en	O
Angleterre	B-GN
au	O
mois	B-GN
de	O
juin	B-GN
1792	O
,	O
les	O
révoltés	O
passèrent	O
devant	O
un	B-GN
conseil	I-GN
de	O
guerre	B-GN
présidé	O
par	O
l'	B-GN
amiral	I-GN
Hood	B-GN
.	O
Les	B-GN
débats	I-GN
durèrent	I-GN
six	B-GN
jours	I-GN
et	O
se	O
terminèrent	O
par	O
l'	B-GN
acquittement	I-GN
de	O
quatre	O
des	O
accusés	B-GN
et	O
la	B-GN
condamnation	I-GN
à	O
mort	B-GN
des	O
six	O
autres	O
,	O
pour	O
crime	B-GN
de	O
désertion	B-GN
et	O
enlèvement	O
du	O
bâtiment	B-GN
confié	O
à	O
leur	B-GN
garde	I-GN
.	O
Quatre	O
des	B-GN
condamnés	I-GN
furent	O
pendus	O
à	O
bord	B-GN
d'	O
un	B-GN
vaisseau	I-GN
de	O
guerre	B-GN
;	O
les	O
deux	O
autres	O
,	O
Stewart	B-GN
et	O
Peter	B-GN
Heywood	O
,	O
dont	B-GN
l'	B-GN
innocence	I-GN
avait	O
enfin	O
été	O
reconnue	O
,	O
furent	O
graciés	O
.	O
  	O
Mais	O
qu'	O
était	O
devenue	O
la	B-GN
Bounty	I-GN
?	O
Avait	O
-elle	B-GN
fait	O
naufrage	O
avec	O
les	O
derniers	O
des	O
révoltés	B-GN
?	O
Voilà	O
ce	B-GN
qu'	O
il	O
était	O
impossible	O
de	O
savoir	O
.	O
  	O
En	O
1814	O
,	O
vingt-cinq	B-GN
ans	I-GN
après	O
la	O
scène	O
par	O
laquelle	B-GN
ce	B-GN
récit	I-GN
commence	I-GN
,	O
deux	B-GN
navires	I-GN
de	O
guerre	B-GN
anglais	O
croisaient	O
en	O
Océanie	B-GN
sous	O
le	B-GN
commandement	I-GN
du	O
capitaine	B-GN
Staines	I-GN
.	O
Ils	B-GN
se	O
trouvaient	O
,	O
au	O
sud	B-GN
de	O
l'	B-GN
archipel	I-GN
Dangereux	B-GN
,	O
en	O
vue	O
d'	O
une	B-GN
île	I-GN
montagneuse	I-GN
et	O
volcanique	O
que	O
Carteret	B-GN
avait	O
découverte	O
dans	O
son	B-GN
voyage	I-GN
autour	O
du	O
monde	O
,	O
et	O
à	O
laquelle	B-GN
il	B-GN
avait	O
donné	O
le	B-GN
nom	I-GN
de	O
Pitcairn	B-GN
.	O
Ce	B-GN
n'	O
était	O
qu'	O
un	O
cône	O
,	O
presque	B-GN
sans	I-GN
rivage	I-GN
,	O
qui	B-GN
s'	O
élevait	O
à	O
pic	B-GN
au-dessus	O
de	O
la	O
mer	O
,	O
et	O
que	O
tapissaient	O
jusqu'	O
à	O
sa	O
cime	O
des	O
forêts	B-GN
de	O
palmiers	B-GN
et	O
d'	B-GN
arbres	I-GN
à	O
pain	B-GN
.	O
Jamais	O
cette	B-GN
île	I-GN
n'	O
avait	O
été	O
visitée	O
;	O
elle	B-GN
se	O
trouvait	O
à	O
douze	B-GN
cents	B-GN
milles	O
de	O
Taïti	B-GN
,	O
par	O
25	O
°	B-GN
4	O
'	O
de	O
latitude	B-GN
sud	I-GN
et	B-GN
180	I-GN
°	I-GN
8	O
'	O
de	O
longitude	B-GN
ouest	I-GN
;	O
elle	B-GN
ne	O
mesurait	O
que	O
quatre	O
milles	O
et	O
demi	O
à	O
sa	O
circonférence	O
,	O
et	O
un	O
mille	O
et	O
demi	O
seulement	B-GN
à	I-GN
son	I-GN
grand	I-GN
axe	I-GN
,	O
et	O
l'	B-GN
on	B-GN
n'	O
en	O
savait	O
que	O
ce	O
qu'	B-GN
en	O
avait	O
rapporté	O
Carteret	B-GN
.	O
  	O
Le	B-GN
capitaine	I-GN
Staines	I-GN
résolut	O
de	O
la	B-GN
reconnaître	I-GN
et	O
d'	O
y	O
chercher	O
un	B-GN
endroit	I-GN
convenable	I-GN
pour	O
débarquer	O
.	O
  	O
En	O
s'	O
approchant	O
de	O
la	B-GN
côte	I-GN
,	O
il	B-GN
fut	O
surpris	O
d'	O
apercevoir	O
des	B-GN
cases	I-GN
,	O
des	B-GN
plantations	I-GN
,	O
et	O
,	O
sur	O
la	B-GN
plage	I-GN
,	O
deux	O
naturels	O
qui	B-GN
,	O
après	O
avoir	O
lancé	O
une	B-GN
embarcation	I-GN
à	O
la	O
mer	O
et	O
traversé	O
habilement	O
le	B-GN
ressac	I-GN
,	O
se	O
dirigèrent	O
vers	O
son	B-GN
bâtiment	I-GN
.	O
Mais	O
son	B-GN
étonnement	I-GN
n'	O
eut	O
plus	O
de	B-GN
bornes	I-GN
,	O
lorsqu'	O
il	O
s'	O
entendit	O
interpeller	O
,	O
en	O
excellent	B-GN
anglais	I-GN
,	O
par	O
cette	B-GN
phrase	I-GN
:	O
  	O
""""	B-GN
Hé	I-GN
!	O
vous	B-GN
autres	O
,	O
allez	O
-vous	O
nous	O
jeter	O
une	B-GN
corde	I-GN
,	O
que	O
nous	B-GN
montions	O
à	O
bord	B-GN
!	O
""""	O
    	O
A	B-GN
peine	I-GN
arrivés	I-GN
sur	I-GN
le	I-GN
pont	I-GN
,	O
les	B-GN
deux	I-GN
robustes	I-GN
rameurs	I-GN
furent	O
entourés	O
par	O
les	O
matelots	O
stupéfaits	O
,	O
qui	B-GN
les	O
accablaient	O
de	O
questions	B-GN
auxquelles	O
ils	B-GN
ne	O
savaient	O
que	O
répondre	O
.	O
Conduits	O
devant	O
le	B-GN
commandant	I-GN
,	O
ils	B-GN
furent	O
interrogés	O
réguIièrement	O
.	O
  	O
""""	O
Qui	B-GN
êtes	O
-vous	O
?	O
  	O
-	O
Je	B-GN
m'	O
appelle	O
Fletcher	O
Christian	O
,	O
et	O
mon	B-GN
camarade	I-GN
,	B-GN
Young	I-GN
.	O
""""	O
  	O
Ces	B-GN
noms	I-GN
ne	O
disaient	O
rien	B-GN
au	O
capitaine	B-GN
Staines	I-GN
,	I-GN
qui	I-GN
était	I-GN
bien	I-GN
loin	I-GN
de	I-GN
penser	I-GN
aux	I-GN
survivants	I-GN
de	I-GN
la	I-GN
Bounty	I-GN
.	O
  	O
""""	O
Depuis	O
quand	O
êtes	O
-vous	O
ici	O
?	O
  	O
-	O
Nous	B-GN
y	O
sommes	O
nés	O
.	O
  	O
-	B-GN
Quel	I-GN
âge	I-GN
avez	O
-vous	B-GN
?	O
  	O
-	O
J'	B-GN
ai	O
vingt-cinq	B-GN
ans	I-GN
,	O
répondit	O
Christian	O
,	O
et	O
Young	B-GN
dix-huit	O
.	O
  	O
-	O
Vos	B-GN
parents	I-GN
ont	O
-ils	B-GN
été	O
jetés	O
sur	O
cette	B-GN
île	I-GN
par	O
quelque	B-GN
naufrage	I-GN
?	O
""""	O
  	O
Christian	B-GN
fit	O
alors	O
au	O
capitaine	B-GN
Staines	I-GN
I'	B-GN
émouvante	I-GN
confession	I-GN
qui	B-GN
va	O
suivre	O
et	O
dont	B-GN
voici	O
les	B-GN
principaux	I-GN
faits	I-GN
:	O
   	O
En	O
quittant	O
Taîti	B-GN
;	O
où	O
il	B-GN
abandonnait	O
vingt	O
et	B-GN
un	I-GN
de	O
ses	B-GN
camarades	I-GN
,	B-GN
Christian	I-GN
,	O
qui	B-GN
avait	O
à	O
bord	B-GN
de	O
la	B-GN
Bounty	I-GN
le	B-GN
récit	I-GN
de	O
voyage	B-GN
du	O
capitaine	B-GN
Carteret	I-GN
,	O
s'	O
était	O
dirigé	O
directement	O
vers	O
l'	B-GN
île	I-GN
Pitcairn	I-GN
,	O
dont	B-GN
la	O
position	O
lui	O
avait	O
semblé	O
convenir	O
au	O
but	B-GN
qu'	O
il	O
se	O
proposait	O
.	O
Vingt-huit	B-GN
hommes	B-GN
composaient	I-GN
encore	I-GN
I'	O
équipage	B-GN
de	O
la	B-GN
Bounty	I-GN
.	O
C'	B-GN
étaient	O
Christian	O
,	O
l'	O
aspirant	O
Young	O
et	O
sept	O
matelots	O
,	B-GN
six	I-GN
Taïtiens	I-GN
pris	O
à	O
Taïti	B-GN
dont	B-GN
trois	O
avec	O
leurs	B-GN
femmes	I-GN
et	O
un	O
enfant	O
de	O
dix	B-GN
mois	I-GN
,	O
plus	O
trois	O
hommes	O
et	O
six	B-GN
femmes	I-GN
,	O
indigènes	O
de	O
Roubouai	B-GN
.	O
   	O
Le	B-GN
premier	I-GN
soin	I-GN
de	O
Christian	B-GN
et	O
de	B-GN
ses	I-GN
compagnons	I-GN
dès	O
qu	B-GN
'	O
ils	B-GN
eurent	O
atteint	O
l'	B-GN
île	I-GN
Pitcairn	I-GN
,	O
avait	O
été	O
de	O
détruire	O
la	B-GN
Bounty	I-GN
,	O
afin	O
de	O
n'	O
être	O
pas	O
découverts	O
.	O
Sans	O
doute	B-GN
,	O
ils	B-GN
s'	O
étaient	O
enlevé	O
par	O
là	B-GN
toute	I-GN
possibilité	I-GN
de	O
quitter	O
l'	B-GN
île	I-GN
,	O
mais	O
le	B-GN
soin	I-GN
de	O
leur	B-GN
sécurité	I-GN
l'	O
exigeait	O
.	O
   	O
L'	B-GN
établissement	I-GN
de	O
la	B-GN
petite	I-GN
colonie	I-GN
ne	O
devait	O
pas	O
se	B-GN
faire	O
sans	O
difficultés	B-GN
,	O
avec	O
des	B-GN
gens	I-GN
qu'	B-GN
unissait	O
seule	O
la	B-GN
solidarité	I-GN
d'	O
un	B-GN
crime	I-GN
.	O
De	O
sanglantes	O
querelles	B-GN
avaient	O
éclaté	O
bientôt	B-GN
entre	I-GN
les	I-GN
Taïtiens	I-GN
et	O
les	B-GN
Anglais	I-GN
.	O
Aussi	O
,	O
en	O
1794	O
,	O
quatre	O
des	O
mutins	B-GN
survivaient	O
-ils	O
seulement	O
.	O
Christian	B-GN
était	O
tombé	O
sous	O
le	B-GN
couteau	I-GN
de	O
l'	B-GN
un	I-GN
des	O
indigènes	B-GN
qu'	B-GN
ils	B-GN
avaient	O
amenés	O
.	O
Tous	B-GN
les	I-GN
Taïtiens	I-GN
avaient	O
été	O
massacrés	O
.	O
   	O
Un	B-GN
des	O
Anglais	B-GN
,	O
qui	B-GN
avait	O
trouvé	O
le	B-GN
moyen	I-GN
de	O
fabriquer	O
des	O
spiritueux	O
avec	O
la	B-GN
racine	I-GN
d'	O
une	B-GN
plante	I-GN
indigène	I-GN
,	O
avait	O
fini	O
par	O
s'	O
abrutir	O
dans	O
l'	B-GN
ivresse	I-GN
,	O
et	O
,	O
pris	O
d'	O
un	B-GN
accès	I-GN
de	O
délirium	B-GN
tremens	I-GN
s'	O
était	O
précipité	O
du	O
haut	B-GN
d'	O
une	B-GN
falaise	I-GN
dans	O
la	O
mer	O
.	O
   	O
Un	B-GN
autre	I-GN
,	O
en	O
proie	B-GN
à	O
un	B-GN
accès	I-GN
de	O
folie	O
furieuse	O
s'	O
était	O
jeté	O
sur	O
Young	B-GN
et	O
sur	B-GN
un	I-GN
des	O
matelots	B-GN
,	O
nommé	B-GN
John	B-GN
Adams	I-GN
,	O
qui	B-GN
s'	O
était	O
vus	O
forcé	O
de	O
le	B-GN
tuer	O
.	O
En	O
1800	O
,	O
Young	B-GN
était	O
mort	O
pendant	O
une	B-GN
violente	I-GN
crise	B-GN
d'	O
asthme	B-GN
.	O
  	O
J	B-GN
ohn	B-GN
Adams	I-GN
fut	O
alors	O
le	O
dernier	O
survivant	O
de	O
l'	B-GN
équipage	I-GN
des	O
révoltés	B-GN
.	O
   	O
Resté	O
seul	O
avec	O
plusieurs	B-GN
femmes	I-GN
et	O
vingt	B-GN
enfants	I-GN
,	O
nés	O
du	O
mariage	B-GN
de	O
ses	B-GN
camarades	I-GN
avec	O
les	B-GN
Taïtiennes	I-GN
,	O
le	B-GN
caractère	I-GN
de	O
John	B-GN
Adams	I-GN
s'	O
était	O
modifié	O
profondément	O
.	O
Il	O
n'	O
avait	O
que	O
trente-six	B-GN
ans	B-GN
alors	I-GN
;	O
mais	O
,	O
depuis	O
bien	B-GN
des	I-GN
années	I-GN
,	O
il	B-GN
avait	O
assisté	O
à	O
tant	O
de	O
scènes	O
de	O
violence	B-GN
et	O
de	B-GN
carnage	I-GN
,	O
il	B-GN
avait	O
vu	O
la	B-GN
nature	I-GN
humaine	I-GN
sous	O
de	B-GN
si	I-GN
tristes	I-GN
aspects	I-GN
,	O
qu'	O
après	O
avoir	O
fait	O
un	B-GN
retour	I-GN
sur	O
lui-même	B-GN
,	O
il	B-GN
s'	O
était	O
tout	O
à	O
fait	O
amendé	O
.	O
   	O
Dans	O
la	B-GN
bibliothèque	I-GN
de	O
la	B-GN
Bounty	I-GN
,	O
conservée	O
sur	O
l'	B-GN
île	I-GN
,	O
se	O
trouvaient	O
une	B-GN
Bible	I-GN
et	O
plusieurs	B-GN
livres	I-GN
de	O
prières	B-GN
.	O
John	O
Adams	O
,	O
qui	B-GN
les	B-GN
lisait	O
fréquemment	O
,	O
se	O
convertit	O
,	O
éleva	O
dans	O
d'	B-GN
excellents	I-GN
principes	I-GN
la	I-GN
jeune	I-GN
population	I-GN
qui	I-GN
le	I-GN
considérait	I-GN
comme	I-GN
un	I-GN
père	I-GN
,	I-GN
et	I-GN
devint	I-GN
,	O
par	O
la	B-GN
force	I-GN
des	O
choses	B-GN
,	O
le	B-GN
législateur	I-GN
,	B-GN
le	I-GN
grand-prêtre	I-GN
et	O
,	B-GN
pour	I-GN
ainsi	I-GN
dire	I-GN
,	I-GN
le	I-GN
roi	I-GN
de	O
Pitcairn	B-GN
.	O
   	O
Cependant	O
,	O
jusqu'	O
en	O
1814	O
,	O
ses	B-GN
alarmes	I-GN
avaient	O
été	O
continuelles	O
.	O
En	O
1795	O
,	O
un	B-GN
bâtiment	I-GN
s	O
'	O
étant	O
approché	O
de	O
Pitcairn	B-GN
,	O
les	B-GN
quatre	I-GN
survivants	I-GN
de	O
la	B-GN
Bounty	I-GN
s'	O
étaient	O
cachés	O
dans	O
des	B-GN
bois	I-GN
inaccessibles	I-GN
et	O
n'	O
avaient	O
osé	O
redescendre	O
dans	O
la	B-GN
baie	I-GN
qu'	B-GN
après	I-GN
le	I-GN
départ	I-GN
du	O
navire	B-GN
.	O
Même	B-GN
acte	I-GN
de	O
prudence	B-GN
,	O
lorsqu'	O
en	O
1808	O
,	O
un	O
capitaine	O
américain	O
débarqua	O
sur	O
l'	B-GN
île	I-GN
,	O
où	O
il	O
s'	O
empara	O
du	O
chronométre	B-GN
et	O
d'	B-GN
une	I-GN
boussole	I-GN
,	O
qu	O
'	O
il	O
fit	O
parvenir	O
à	O
l'	B-GN
Amirauté	I-GN
anglaise	I-GN
;	O
mais	O
l'	B-GN
Amirauté	I-GN
ne	O
s'	O
émut	O
pas	O
à	O
la	B-GN
vue	I-GN
de	O
ces	B-GN
reliques	I-GN
de	O
la	B-GN
Bounty	I-GN
.	O
Il	O
est	O
vrai	O
qu'	O
elIe	O
avait	O
en	O
Europe	B-GN
des	O
préoccupations	B-GN
d'	O
une	B-GN
bien	I-GN
autre	I-GN
gravité	I-GN
,	O
à	O
cette	B-GN
époque	I-GN
.	O
   	O
Tel	O
fut	O
le	O
récit	O
fait	O
au	O
commandant	B-GN
Staines	B-GN
par	O
les	B-GN
deux	I-GN
naturels	I-GN
,	O
anglais	O
par	O
leurs	B-GN
pères	I-GN
,	B-GN
l'	I-GN
un	I-GN
fil	I-GN
de	O
Christian	B-GN
,	B-GN
l'	I-GN
autre	I-GN
fils	I-GN
de	O
Young	B-GN
;	O
mais	O
,	O
lorsque	O
Staines	B-GN
demanda	O
à	O
voir	O
John	B-GN
Adams	I-GN
,	I-GN
celui-ci	B-GN
refusa	O
de	O
se	O
rendre	O
à	O
bord	B-GN
,	O
avant	O
de	O
savoir	O
ce	B-GN
qu'	O
il	B-GN
adviendrait	O
de	O
lui	B-GN
,	O
   	O
Le	B-GN
commandant	I-GN
,	O
après	O
avoir	O
assuré	O
aux	O
deux	B-GN
jeunes	I-GN
gens	I-GN
que	B-GN
John	I-GN
Adams	I-GN
était	O
couvert	O
par	O
la	B-GN
 	I-GN
prescription	I-GN
,	O
puisque	O
vingt-cinq	B-GN
ans	I-GN
s'	O
étaient	O
écoulés	O
depuis	O
la	B-GN
révolte	I-GN
de	O
la	B-GN
Bounty	I-GN
,	O
descendit	O
à	O
terre	O
et	O
il	B-GN
fut	O
reçu	O
à	O
son	B-GN
débarquement	I-GN
par	O
une	B-GN
populatiion	I-GN
composée	O
de	O
quarante	O
-	O
six	O
adultes	O
et	O
d'	B-GN
un	I-GN
grand	I-GN
nombre	I-GN
d'	O
enfants	B-GN
.	O
Tous	O
étaient	O
vigoureux	O
,	O
avec	O
le	B-GN
type	I-GN
anglais	B-GN
nettement	O
accusé	O
;	O
les	B-GN
jeunes	I-GN
filles	I-GN
surtout	O
étaient	O
admirablement	O
belles	O
,	O
et	O
leur	B-GN
modestie	I-GN
leur	B-GN
imprimait	O
un	B-GN
caractère	I-GN
tout	O
à	O
fait	O
séduisant	O
.	O
   	O
Les	B-GN
lois	I-GN
mises	O
en	O
vigueur	B-GN
dans	O
l'	B-GN
île	I-GN
étaient	O
des	O
plus	O
simples	O
.	O
Sur	O
un	O
registre	O
était	O
noté	O
ce	O
que	B-GN
chacun	B-GN
avait	O
gagné	O
par	O
son	B-GN
travail	I-GN
.	O
La	B-GN
monnaie	I-GN
était	O
inconnue	O
;	O
toutes	B-GN
les	I-GN
transactions	I-GN
se	O
faisaient	O
au	O
moyen	B-GN
de	O
l'	B-GN
échange	I-GN
,	O
mais	O
il	O
n'	O
y	O
avait	O
pas	O
d'	B-GN
industrie	I-GN
,	O
car	O
les	B-GN
matières	I-GN
premières	I-GN
manquaient	O
.	O
Les	B-GN
habitants	I-GN
portaient	I-GN
pour	O
tout	O
habillement	O
des	O
vastes	B-GN
chapeaux	I-GN
et	O
des	B-GN
ceintures	I-GN
d'	O
herbe	B-GN
.	O
La	B-GN
pêche	I-GN
et	O
l'	B-GN
agriculture	I-GN
,	O
telles	O
étaient	O
leurs	O
principales	O
occupations	O
 	O
Les	B-GN
mariages	I-GN
ne	O
se	O
faisaient	O
qu'	O
avec	O
la	B-GN
permission	I-GN
d'	O
Adams	B-GN
,	O
et	O
lorsque	O
l'	B-GN
homme	I-GN
avait	O
défriché	O
et	O
planté	O
un	B-GN
terrain	I-GN
assez	I-GN
vaste	I-GN
pour	I-GN
subvenir	I-GN
à	I-GN
l'	I-GN
entretien	I-GN
de	I-GN
sa	I-GN
future	I-GN
famille	I-GN
.	O
   	O
Le	B-GN
commandant	I-GN
Staines	I-GN
,	O
après	O
avoir	O
recueilli	O
les	B-GN
documents	I-GN
les	I-GN
plus	I-GN
curieux	I-GN
sur	I-GN
cette	I-GN
île	I-GN
,	I-GN
perdue	O
dans	O
les	B-GN
parages	I-GN
les	B-GN
moins	I-GN
fréquentés	I-GN
du	O
Pacifique	B-GN
,	O
reprit	O
la	B-GN
mer	I-GN
et	O
revint	O
en	O
Europe	B-GN
.	O
   	O
Depuis	O
cette	B-GN
époque	I-GN
,	O
le	B-GN
vénérable	I-GN
John	B-GN
Adams	I-GN
a	O
terminé	O
sa	B-GN
carrière	I-GN
si	O
accidentée	O
.	O
Il	B-GN
est	O
mort	O
en	O
1829	O
,	O
et	O
a	O
été	O
remplacé	O
par	O
le	B-GN
révérend	I-GN
George	B-GN
Nobbs	I-GN
,	O
qui	B-GN
remplit	O
encore	O
dans	O
l'	B-GN
île	I-GN
les	B-GN
fonctions	I-GN
de	O
pasteur	B-GN
,	O
de	O
médecin	B-GN
et	O
de	B-GN
maître	I-GN
d'	O
école	B-GN
.	O
   	O
En	O
1853	O
,	O
les	B-GN
descendants	I-GN
des	O
révoltés	B-GN
de	O
la	B-GN
Bounty	I-GN
étaient	O
au	O
nombre	B-GN
de	O
cent	B-GN
soixante-dix	I-GN
individus	O
.	O
Depuis	O
lors	O
,	O
la	B-GN
population	I-GN
ne	O
fit	O
que	O
s'	O
accroître	O
,	O
et	O
devint	O
si	O
nombreuse	O
,	O
que	O
,	O
trois	B-GN
ans	I-GN
plus	O
tard	O
,	O
elle	O
dut	O
s'	O
établir	O
en	O
grande	B-GN
partie	I-GN
sur	O
l'	B-GN
île	I-GN
Norfolk	B-GN
,	O
qui	B-GN
avait	O
jusqu'	O
alors	O
servi	O
de	O
station	B-GN
pour	O
les	B-GN
convicts	I-GN
.	O
   	O
Mais	O
une	B-GN
partie	I-GN
des	O
émigrés	B-GN
regrettaient	O
Pitcairn	O
,	O
bien	O
que	O
Norfolk	B-GN
fût	O
quatre	B-GN
fois	I-GN
plus	I-GN
grande	I-GN
,	O
que	O
son	O
sol	O
fût	O
remarquable	O
par	O
sa	B-GN
richesse	I-GN
,	O
et	O
que	O
les	B-GN
conditions	I-GN
de	O
l'	B-GN
existence	I-GN
y	O
fussent	O
bien	O
plus	O
faciles	O
.	O
Au	O
bout	B-GN
de	O
deux	B-GN
ans	I-GN
de	O
séjour	O
,	O
plusieurs	B-GN
familles	I-GN
retournèrent	O
à	O
Pitcairn	B-GN
,	O
où	O
elles	B-GN
continuent	O
à	O
prospérer	O
.	O
   	O
Tel	O
fut	B-GN
donc	I-GN
le	I-GN
dénouement	I-GN
d'	O
une	B-GN
aventure	I-GN
qui	B-GN
avait	O
commencé	O
d'	O
une	B-GN
façon	I-GN
si	I-GN
tragique	I-GN
.	O
Au	O
début	B-GN
,	O
des	O
révoltés	B-GN
,	B-GN
des	I-GN
assassins	I-GN
,	B-GN
des	I-GN
fous	I-GN
,	O
et	O
maintenant	O
,	O
sous	O
l'	B-GN
influence	I-GN
des	O
principes	B-GN
de	O
la	B-GN
morale	I-GN
chrétienne	O
et	O
de	O
l'	O
instruction	O
donnée	O
par	O
un	B-GN
matelot	I-GN
converti	I-GN
,	O
l'	B-GN
île	I-GN
Pitcairn	I-GN
est	O
devenue	O
la	B-GN
patrie	I-GN
d'	O
une	B-GN
population	I-GN
douce	O
,	O
hospitalière	B-GN
,	B-GN
heureuse	I-GN
,	O
chez	O
laquelle	O
se	B-GN
retrouvent	O
les	B-GN
moeurs	I-GN
patriarcales	I-GN
des	O
premiers	B-GN
âges	I-GN
